date,알러지,대상포진,수족구병,장염,식중독,감기,인플루엔자,동상
2019-01-01,0,0,0.0,85,,90,0.0,76
2019-01-02,0,54,0.0,76,,100,0.0,0
2019-01-03,77,52,0.0,0,,79,0.0,79
2019-01-04,0,43,0.0,86,,80,0.0,0
2019-01-05,0,66,0.0,0,,82,0.0,0
2019-01-06,0,0,0.0,0,,80,0.0,0
2019-01-07,100,57,0.0,73,,80,0.0,0
2019-01-08,0,68,0.0,79,,60,0.0,0
2019-01-09,82,0,0.0,75,,77,0.0,0
2019-01-10,0,0,0.0,59,,76,0.0,0
2019-01-11,83,55,0.0,100,,63,0.0,100
2019-01-12,0,49,0.0,0,,67,0.0,67
2019-01-13,0,66,0.0,58,,69,0.0,0
2019-01-14,0,43,0.0,0,,59,0.0,0
2019-01-15,0,46,0.0,66,,55,0.0,0
2019-01-16,0,0,0.0,52,,48,0.0,0
2019-01-17,0,53,100.0,0,,66,0.0,0
2019-01-18,0,45,0.0,52,,51,0.0,0
2019-01-19,0,0,0.0,0,,47,0.0,0
2019-01-20,0,100,0.0,0,,55,0.0,0
2019-01-21,0,72,0.0,68,,57,0.0,55
2019-01-22,0,43,0.0,0,,66,0.0,99
2019-01-23,0,45,0.0,62,,62,7.0,71
2019-01-24,0,0,0.0,71,,51,7.0,69
2019-01-25,0,0,0.0,0,,61,100.0,0
2019-01-26,97,0,0.0,68,,53,62.0,0
2019-01-27,0,60,0.0,0,,64,28.0,0
2019-01-28,0,66,0.0,0,,57,20.0,59
2019-01-29,0,50,0.0,0,,57,12.0,72
2019-01-30,0,89,0.0,72,,59,0.0,0
2019-01-31,0,0,0.0,64,,41,0.0,0
2019-02-01,0,0,,89,,81,,0
2019-02-02,0,66,,61,,84,,0
2019-02-03,0,0,,0,,83,,0
2019-02-04,100,92,,0,,100,,0
2019-02-05,0,100,,86,,61,,0
2019-02-06,0,0,,57,,75,,0
2019-02-07,0,48,,100,,88,,85
2019-02-08,0,73,,0,,96,,0
2019-02-09,0,84,,60,,64,,83
2019-02-10,0,54,,90,,97,,0
2019-02-11,0,58,,67,,84,,72
2019-02-12,0,57,,73,,65,,0
2019-02-13,66,0,,50,,77,,0
2019-02-14,0,86,,0,,61,,0
2019-02-15,0,61,,62,,82,,0
2019-02-16,0,0,,0,,66,,0
2019-02-17,0,95,,78,,87,,0
2019-02-18,85,81,,60,,92,,0
2019-02-19,71,55,,0,,75,,89
2019-02-20,0,76,,53,,55,,0
2019-02-21,79,84,,55,,52,,0
2019-02-22,0,50,,62,,82,,90
2019-02-23,0,60,,0,,88,,0
2019-02-24,0,0,,56,,72,,100
2019-02-25,77,62,,0,,70,,0
2019-02-26,0,54,,0,,75,,81
2019-02-27,0,0,,76,,72,,81
2019-02-28,0,55,,58,,87,,0
2019-03-01,0,0,0.0,0,0.0,57,0.0,0
2019-03-02,0,0,0.0,0,0.0,68,0.0,0
2019-03-03,0,94,0.0,0,0.0,50,0.0,89
2019-03-04,0,70,0.0,94,0.0,56,0.0,89
2019-03-05,0,72,0.0,0,0.0,50,0.0,0
2019-03-06,0,0,0.0,69,0.0,46,0.0,0
2019-03-07,0,57,0.0,0,0.0,37,0.0,0
2019-03-08,0,76,100.0,0,0.0,52,0.0,99
2019-03-09,0,0,0.0,0,0.0,53,0.0,0
2019-03-10,0,0,0.0,100,0.0,100,0.0,0
2019-03-11,0,77,0.0,74,0.0,55,0.0,0
2019-03-12,61,76,0.0,0,0.0,37,0.0,0
2019-03-13,100,91,0.0,62,0.0,67,0.0,76
2019-03-14,78,53,0.0,60,0.0,65,0.0,0
2019-03-15,0,63,0.0,0,81.0,48,0.0,0
2019-03-16,0,0,0.0,0,0.0,50,0.0,0
2019-03-17,80,92,0.0,82,0.0,80,0.0,0
2019-03-18,0,69,0.0,69,0.0,47,0.0,0
2019-03-19,0,0,0.0,66,0.0,45,0.0,0
2019-03-20,80,79,0.0,0,0.0,66,0.0,0
2019-03-21,0,86,0.0,76,0.0,79,0.0,0
2019-03-22,0,100,0.0,64,0.0,57,0.0,0
2019-03-23,0,69,0.0,0,0.0,83,0.0,0
2019-03-24,80,0,0.0,0,0.0,66,0.0,0
2019-03-25,0,77,0.0,67,0.0,79,0.0,79
2019-03-26,80,0,0.0,87,100.0,80,100.0,100
2019-03-27,72,97,0.0,87,0.0,56,0.0,0
2019-03-28,68,0,0.0,100,0.0,78,0.0,0
2019-03-29,0,89,0.0,76,0.0,64,0.0,0
2019-03-30,0,71,0.0,0,0.0,79,0.0,0
2019-03-31,0,91,0.0,0,0.0,74,0.0,0
2019-04-01,64,72,0.0,50,0.0,100,,0
2019-04-02,0,74,0.0,0,0.0,53,,0
2019-04-03,0,41,0.0,0,0.0,68,,0
2019-04-04,0,59,0.0,70,0.0,58,,80
2019-04-05,0,60,0.0,0,0.0,68,,63
2019-04-06,0,50,0.0,60,0.0,73,,0
2019-04-07,0,0,0.0,0,0.0,82,,69
2019-04-08,60,87,100.0,66,0.0,74,,91
2019-04-09,63,56,0.0,60,0.0,66,,0
2019-04-10,0,53,0.0,74,0.0,75,,60
2019-04-11,100,0,0.0,45,0.0,85,,65
2019-04-12,0,56,0.0,58,0.0,63,,0
2019-04-13,0,0,0.0,0,0.0,79,,0
2019-04-14,0,57,0.0,0,0.0,78,,0
2019-04-15,0,68,0.0,66,0.0,91,,0
2019-04-16,0,46,0.0,66,0.0,81,,0
2019-04-17,63,100,0.0,82,100.0,72,,0
2019-04-18,0,80,0.0,52,0.0,82,,0
2019-04-19,0,57,0.0,57,0.0,64,,100
2019-04-20,0,64,0.0,0,0.0,72,,95
2019-04-21,0,0,0.0,0,0.0,87,,0
2019-04-22,0,49,0.0,57,0.0,66,,0
2019-04-23,61,63,0.0,0,0.0,69,,62
2019-04-24,85,58,0.0,88,0.0,50,,0
2019-04-25,0,0,0.0,0,0.0,62,,0
2019-04-26,92,49,0.0,100,0.0,50,,0
2019-04-27,0,0,0.0,0,0.0,48,,0
2019-04-28,67,0,0.0,0,0.0,74,,0
2019-04-29,0,81,0.0,53,77.0,70,,0
2019-04-30,0,50,0.0,0,90.0,63,,0
2019-05-01,95,50,,0,0.0,78,,93
2019-05-02,74,67,,0,0.0,48,,0
2019-05-03,69,53,,48,0.0,72,,0
2019-05-04,0,0,,0,0.0,51,,0
2019-05-05,0,100,,62,0.0,68,,0
2019-05-06,83,56,,0,0.0,63,,79
2019-05-07,85,40,,0,0.0,86,,0
2019-05-08,65,77,,44,0.0,90,,0
2019-05-09,0,47,,74,0.0,83,,0
2019-05-10,0,80,,0,0.0,61,,0
2019-05-11,96,56,,0,0.0,70,,0
2019-05-12,0,54,,100,0.0,100,,0
2019-05-13,85,62,,55,0.0,70,,0
2019-05-14,0,86,,56,0.0,65,,0
2019-05-15,100,36,,60,0.0,70,,74
2019-05-16,64,66,,73,0.0,78,,0
2019-05-17,0,56,,72,0.0,59,,90
2019-05-18,0,61,,0,0.0,79,,0
2019-05-19,77,65,,52,0.0,72,,0
2019-05-20,82,89,,52,0.0,69,,0
2019-05-21,0,45,,51,0.0,64,,0
2019-05-22,82,77,,66,0.0,62,,0
2019-05-23,0,84,,48,100.0,63,,95
2019-05-24,0,65,,89,0.0,63,,0
2019-05-25,0,0,,50,0.0,80,,0
2019-05-26,75,64,,50,89.0,72,,100
2019-05-27,69,77,,53,0.0,62,,0
2019-05-28,0,41,,0,78.0,62,,75
2019-05-29,75,90,,53,0.0,69,,0
2019-05-30,68,43,,53,0.0,43,,0
2019-05-31,0,71,,56,0.0,51,,0
2019-06-01,0,69,0.0,65,0.0,51,,0
2019-06-02,0,0,0.0,44,100.0,85,,0
2019-06-03,0,75,0.0,0,0.0,77,,0
2019-06-04,63,84,0.0,54,0.0,78,,76
2019-06-05,0,0,0.0,42,0.0,60,,100
2019-06-06,68,62,0.0,53,0.0,81,,0
2019-06-07,61,81,0.0,39,0.0,83,,0
2019-06-08,0,0,0.0,45,0.0,79,,90
2019-06-09,0,0,0.0,59,0.0,84,,0
2019-06-10,0,62,0.0,100,0.0,86,,0
2019-06-11,58,67,0.0,76,0.0,100,,0
2019-06-12,78,67,0.0,59,0.0,78,,75
2019-06-13,0,64,0.0,59,0.0,89,,0
2019-06-14,0,91,0.0,59,0.0,59,,0
2019-06-15,0,58,0.0,0,0.0,71,,0
2019-06-16,0,74,0.0,42,0.0,87,,0
2019-06-17,0,84,0.0,83,0.0,62,,72
2019-06-18,0,0,0.0,49,0.0,76,,89
2019-06-19,0,47,0.0,72,0.0,79,,80
2019-06-20,0,85,0.0,58,0.0,75,,73
2019-06-21,0,69,0.0,67,0.0,49,,0
2019-06-22,100,79,0.0,0,0.0,95,,0
2019-06-23,0,98,0.0,44,0.0,82,,0
2019-06-24,0,85,100.0,43,0.0,68,,0
2019-06-25,92,89,0.0,62,0.0,71,,73
2019-06-26,0,87,0.0,49,0.0,73,,0
2019-06-27,0,100,0.0,47,0.0,63,,92
2019-06-28,0,57,0.0,0,0.0,58,,93
2019-06-29,0,59,0.0,43,0.0,53,,83
2019-06-30,0,77,0.0,77,0.0,59,,0
2019-07-01,0,57,,0,0.0,54,0.0,0
2019-07-02,50,40,,74,100.0,70,0.0,43
2019-07-03,0,30,,43,0.0,69,0.0,0
2019-07-04,0,39,,60,68.0,58,0.0,0
2019-07-05,59,46,,45,0.0,72,0.0,0
2019-07-06,0,51,,0,0.0,63,0.0,52
2019-07-07,0,46,,47,0.0,62,100.0,64
2019-07-08,61,32,,83,66.0,53,0.0,66
2019-07-09,68,0,,80,0.0,48,0.0,45
2019-07-10,73,34,,41,0.0,55,0.0,60
2019-07-11,0,51,,63,0.0,64,0.0,59
2019-07-12,48,0,,51,0.0,44,0.0,54
2019-07-13,56,42,,0,0.0,78,0.0,0
2019-07-14,100,60,,70,0.0,100,0.0,0
2019-07-15,46,38,,56,80.0,57,0.0,0
2019-07-16,0,0,,73,0.0,69,0.0,0
2019-07-17,0,41,,61,66.0,59,0.0,0
2019-07-18,0,42,,77,73.0,69,0.0,0
2019-07-19,0,38,,80,0.0,71,0.0,47
2019-07-20,0,0,,94,0.0,79,0.0,0
2019-07-21,0,40,,66,0.0,72,0.0,0
2019-07-22,68,40,,53,0.0,66,0.0,0
2019-07-23,0,42,,83,0.0,75,0.0,59
2019-07-24,48,100,,97,0.0,69,0.0,65
2019-07-25,0,38,,71,0.0,37,0.0,0
2019-07-26,0,30,,68,0.0,44,0.0,0
2019-07-27,0,61,,100,0.0,80,0.0,0
2019-07-28,0,0,,83,0.0,92,0.0,60
2019-07-29,73,55,,82,0.0,56,0.0,47
2019-07-30,68,97,,88,88.0,51,0.0,0
2019-07-31,0,62,,67,0.0,41,0.0,100
2019-08-01,76,68,0.0,79,0.0,100,,0
2019-08-02,83,61,100.0,62,0.0,79,,0
2019-08-03,100,62,0.0,56,0.0,75,,0
2019-08-04,0,57,0.0,46,0.0,85,,0
2019-08-05,97,89,0.0,60,0.0,69,,0
2019-08-06,0,84,0.0,66,0.0,68,,0
2019-08-07,74,50,0.0,52,0.0,74,,0
2019-08-08,0,55,0.0,42,0.0,55,,0
2019-08-09,0,66,0.0,56,0.0,77,,0
2019-08-10,0,58,0.0,77,0.0,97,,0
2019-08-11,0,100,0.0,50,0.0,72,,100
2019-08-12,0,79,0.0,72,0.0,55,,0
2019-08-13,76,44,0.0,69,0.0,70,,0
2019-08-14,0,46,0.0,54,0.0,63,,76
2019-08-15,0,48,0.0,0,0.0,53,,0
2019-08-16,99,53,0.0,72,0.0,72,,0
2019-08-17,94,76,0.0,100,0.0,55,,0
2019-08-18,0,49,0.0,94,100.0,87,,0
2019-08-19,84,73,0.0,43,0.0,73,,84
2019-08-20,70,53,0.0,85,86.0,61,,0
2019-08-21,0,79,0.0,44,0.0,58,,72
2019-08-22,69,67,0.0,72,0.0,73,,0
2019-08-23,97,53,0.0,64,0.0,68,,93
2019-08-24,0,54,0.0,52,0.0,79,,0
2019-08-25,88,48,0.0,66,0.0,99,,0
2019-08-26,0,0,0.0,61,0.0,90,,0
2019-08-27,78,79,0.0,62,0.0,0,,0
2019-08-28,67,46,0.0,53,0.0,46,,0
2019-08-29,85,47,0.0,38,0.0,78,,0
2019-08-30,99,82,0.0,72,0.0,48,,0
2019-08-31,0,0,0.0,0,0.0,35,,76
2019-09-01,0,73,,100,0.0,43,,0
2019-09-02,80,73,,44,0.0,62,,67
2019-09-03,68,84,,0,0.0,65,,74
2019-09-04,100,85,,70,0.0,64,,0
2019-09-05,54,43,,40,0.0,48,,0
2019-09-06,67,59,,50,0.0,47,,0
2019-09-07,0,72,,57,0.0,40,,87
2019-09-08,0,67,,54,0.0,64,,93
2019-09-09,83,64,,60,0.0,57,,78
2019-09-10,0,57,,51,0.0,51,,100
2019-09-11,0,75,,50,0.0,44,,0
2019-09-12,90,80,,0,0.0,79,,0
2019-09-13,0,100,,0,0.0,61,,94
2019-09-14,79,94,,57,0.0,76,,81
2019-09-15,90,92,,0,0.0,64,,74
2019-09-16,69,88,,65,0.0,65,,78
2019-09-17,62,73,,44,0.0,81,,0
2019-09-18,0,59,,49,0.0,86,,94
2019-09-19,68,61,,55,0.0,56,,0
2019-09-20,73,69,,57,0.0,100,,0
2019-09-21,0,69,,0,0.0,76,,0
2019-09-22,82,48,,0,100.0,74,,0
2019-09-23,98,70,,37,0.0,84,,82
2019-09-24,65,63,,44,0.0,67,,68
2019-09-25,78,75,,63,0.0,90,,0
2019-09-26,0,43,,51,0.0,68,,0
2019-09-27,0,81,,0,0.0,70,,0
2019-09-28,0,78,,50,0.0,75,,0
2019-09-29,64,76,,54,0.0,77,,0
2019-09-30,96,51,,51,0.0,62,,0
2019-10-01,0,100,,0,,45,0.0,0
2019-10-02,0,76,,64,,41,0.0,69
2019-10-03,0,64,,65,,36,0.0,74
2019-10-04,0,86,,70,,55,0.0,98
2019-10-05,0,79,,0,,60,0.0,0
2019-10-06,63,73,,0,,70,0.0,100
2019-10-07,65,74,,0,,35,0.0,0
2019-10-08,77,78,,100,,61,0.0,0
2019-10-09,0,39,,0,,76,0.0,0
2019-10-10,0,80,,0,,100,0.0,0
2019-10-11,54,58,,0,,83,0.0,0
2019-10-12,0,58,,0,,76,100.0,82
2019-10-13,0,44,,0,,56,0.0,85
2019-10-14,0,57,,63,,69,0.0,74
2019-10-15,100,55,,0,,66,0.0,0
2019-10-16,0,77,,59,,54,0.0,0
2019-10-17,54,59,,0,,48,0.0,83
2019-10-18,60,68,,0,,63,0.0,99
2019-10-19,62,62,,0,,73,0.0,0
2019-10-20,0,38,,0,,56,0.0,0
2019-10-21,0,43,,52,,70,0.0,0
2019-10-22,0,56,,0,,70,0.0,0
2019-10-23,0,73,,0,,67,0.0,78
2019-10-24,59,52,,0,,58,0.0,0
2019-10-25,89,50,,0,,55,0.0,68
2019-10-26,77,46,,0,,59,0.0,0
2019-10-27,0,59,,0,,69,0.0,0
2019-10-28,0,44,,0,,63,0.0,0
2019-10-29,0,96,,57,,76,0.0,97
2019-10-30,66,63,,0,,65,0.0,0
2019-10-31,0,39,,56,,65,0.0,0
2019-11-01,96,73,,53,,68,,0
2019-11-02,0,54,,0,,77,,0
2019-11-03,0,50,,51,,80,,0
2019-11-04,0,43,,74,,89,,100
2019-11-05,73,35,,48,,88,,0
2019-11-06,70,46,,42,,86,,64
2019-11-07,0,32,,0,,84,,0
2019-11-08,80,39,,0,,97,,0
2019-11-09,0,58,,75,,96,,0
2019-11-10,70,0,,67,,88,,0
2019-11-11,81,32,,49,,90,,59
2019-11-12,0,57,,52,,85,,0
2019-11-13,0,57,,56,,81,,0
2019-11-14,0,49,,45,,90,,78
2019-11-15,0,86,,0,,83,,0
2019-11-16,0,50,,60,,73,,94
2019-11-17,84,100,,100,,90,,63
2019-11-18,75,59,,100,,96,,0
2019-11-19,0,49,,46,,84,,72
2019-11-20,68,54,,89,,97,,72
2019-11-21,0,53,,70,,75,,0
2019-11-22,100,62,,0,,100,,88
2019-11-23,81,53,,0,,85,,0
2019-11-24,70,51,,73,,73,,0
2019-11-25,76,62,,49,,89,,0
2019-11-26,0,48,,55,,84,,0
2019-11-27,0,52,,64,,78,,82
2019-11-28,0,62,,68,,83,,0
2019-11-29,0,37,,47,,83,,0
2019-11-30,0,0,,0,,72,,0
2019-12-01,0,99,,51,0.0,53,0.0,0
2019-12-02,0,0,,65,0.0,63,0.0,0
2019-12-03,0,84,,58,0.0,59,93.0,0
2019-12-04,0,69,,34,0.0,66,0.0,0
2019-12-05,0,82,,35,0.0,60,0.0,0
2019-12-06,0,56,,0,0.0,49,0.0,0
2019-12-07,0,57,,0,0.0,60,0.0,0
2019-12-08,0,59,,37,0.0,50,0.0,0
2019-12-09,0,100,,35,0.0,60,0.0,52
2019-12-10,64,76,,36,0.0,62,0.0,0
2019-12-11,0,60,,65,0.0,47,0.0,0
2019-12-12,63,80,,56,0.0,48,0.0,97
2019-12-13,0,60,,61,0.0,56,0.0,69
2019-12-14,0,63,,38,0.0,62,0.0,65
2019-12-15,58,77,,37,0.0,71,0.0,62
2019-12-16,0,84,,69,0.0,54,0.0,52
2019-12-17,75,74,,61,0.0,49,60.0,0
2019-12-18,0,72,,38,0.0,59,0.0,0
2019-12-19,55,44,,44,0.0,72,0.0,0
2019-12-20,0,0,,52,0.0,71,0.0,0
2019-12-21,0,76,,0,0.0,56,0.0,0
2019-12-22,0,0,,45,0.0,70,0.0,0
2019-12-23,100,68,,100,0.0,84,78.0,0
2019-12-24,0,86,,47,0.0,49,0.0,0
2019-12-25,0,85,,44,0.0,70,0.0,64
2019-12-26,0,52,,60,100.0,63,0.0,57
2019-12-27,0,86,,37,0.0,68,0.0,100
2019-12-28,0,65,,0,0.0,67,100.0,0
2019-12-29,0,0,,49,0.0,100,0.0,59
2019-12-30,0,43,,56,0.0,88,0.0,52
2019-12-31,0,80,,55,0.0,89,0.0,63
2020-01-01,0,57,,46,0.0,45,0.0,0
2020-01-02,0,55,,46,0.0,46,0.0,0
2020-01-03,0,57,,74,0.0,58,0.0,0
2020-01-04,0,88,,83,0.0,51,0.0,69
2020-01-05,98,0,,0,0.0,63,0.0,77
2020-01-06,55,35,,67,0.0,44,0.0,76
2020-01-07,54,36,,86,0.0,45,0.0,0
2020-01-08,0,75,,65,0.0,49,0.0,64
2020-01-09,0,100,,60,0.0,48,0.0,0
2020-01-10,53,51,,65,0.0,43,0.0,0
2020-01-11,0,0,,49,0.0,45,0.0,0
2020-01-12,0,62,,60,0.0,55,0.0,0
2020-01-13,100,58,,66,0.0,44,0.0,56
2020-01-14,0,65,,100,0.0,51,0.0,57
2020-01-15,0,41,,76,0.0,45,0.0,0
2020-01-16,57,74,,52,0.0,38,0.0,100
2020-01-17,0,61,,68,0.0,44,0.0,58
2020-01-18,61,74,,66,0.0,48,0.0,0
2020-01-19,0,52,,77,0.0,47,0.0,0
2020-01-20,0,74,,79,100.0,49,0.0,73
2020-01-21,0,53,,70,0.0,38,0.0,0
2020-01-22,52,0,,79,0.0,39,0.0,64
2020-01-23,89,0,,71,0.0,39,0.0,0
2020-01-24,77,97,,0,0.0,40,0.0,0
2020-01-25,0,68,,54,0.0,60,63.0,82
2020-01-26,62,86,,59,0.0,84,55.0,0
2020-01-27,0,64,,98,0.0,100,75.0,0
2020-01-28,74,57,,87,0.0,89,78.0,60
2020-01-29,0,61,,87,0.0,76,61.0,0
2020-01-30,0,38,,75,0.0,74,59.0,95
2020-01-31,95,45,,44,0.0,86,100.0,0
2020-02-01,99,82,,94,0.0,98,64.0,0
2020-02-02,84,65,,60,0.0,100,100.0,0
2020-02-03,70,85,,72,0.0,75,49.0,0
2020-02-04,0,94,,64,0.0,55,0.0,0
2020-02-05,82,0,,68,0.0,56,59.0,0
2020-02-06,77,58,,60,0.0,50,0.0,74
2020-02-07,74,0,,100,0.0,67,0.0,74
2020-02-08,0,75,,70,0.0,61,0.0,0
2020-02-09,0,67,,67,0.0,59,0.0,100
2020-02-10,85,59,,79,100.0,43,0.0,67
2020-02-11,90,64,,87,93.0,38,0.0,88
2020-02-12,0,74,,66,0.0,29,0.0,0
2020-02-13,99,67,,85,0.0,28,0.0,0
2020-02-14,0,94,,64,0.0,28,0.0,72
2020-02-15,0,63,,65,0.0,22,0.0,0
2020-02-16,74,63,,63,0.0,18,0.0,0
2020-02-17,69,76,,66,0.0,32,0.0,79
2020-02-18,77,84,,50,0.0,26,0.0,67
2020-02-19,100,68,,87,0.0,38,0.0,85
2020-02-20,72,0,,76,0.0,49,0.0,71
2020-02-21,67,0,,74,0.0,65,0.0,82
2020-02-22,0,61,,61,0.0,76,0.0,0
2020-02-23,0,65,,63,0.0,100,0.0,0
2020-02-24,0,92,,75,0.0,74,61.0,0
2020-02-25,65,0,,49,0.0,75,66.0,0
2020-02-26,84,53,,53,0.0,58,76.0,57
2020-02-27,0,51,,55,0.0,53,0.0,0
2020-02-28,63,100,,0,0.0,64,0.0,0
2020-02-29,0,66,,63,0.0,64,0.0,73
2020-03-01,0,46,,0,0.0,100,0.0,73
2020-03-02,0,59,,52,0.0,74,100.0,0
2020-03-03,42,0,,86,0.0,70,0.0,0
2020-03-04,43,56,,0,0.0,74,0.0,65
2020-03-05,47,60,,66,0.0,66,0.0,0
2020-03-06,47,71,,0,0.0,71,0.0,0
2020-03-07,44,0,,100,0.0,76,0.0,0
2020-03-08,37,52,,72,0.0,73,0.0,0
2020-03-09,0,52,,64,0.0,51,65.0,100
2020-03-10,43,0,,0,0.0,61,0.0,0
2020-03-11,0,51,,60,0.0,63,0.0,0
2020-03-12,0,57,,0,0.0,59,81.0,79
2020-03-13,0,47,,58,0.0,51,82.0,72
2020-03-14,100,44,,0,0.0,58,0.0,0
2020-03-15,46,0,,0,0.0,68,0.0,0
2020-03-16,51,62,,77,0.0,41,78.0,0
2020-03-17,45,37,,50,0.0,46,0.0,74
2020-03-18,40,70,,49,0.0,61,0.0,0
2020-03-19,0,47,,72,84.0,48,0.0,0
2020-03-20,0,59,,0,0.0,72,0.0,92
2020-03-21,46,52,,0,0.0,51,78.0,0
2020-03-22,0,66,,0,0.0,64,0.0,0
2020-03-23,41,43,,53,0.0,54,0.0,80
2020-03-24,51,58,,65,100.0,39,0.0,70
2020-03-25,47,100,,67,0.0,36,0.0,69
2020-03-26,33,40,,67,0.0,40,0.0,0
2020-03-27,38,43,,54,0.0,43,71.0,0
2020-03-28,0,0,,70,0.0,37,0.0,0
2020-03-29,0,61,,62,0.0,48,0.0,0
2020-03-30,37,43,,77,0.0,31,0.0,0
2020-03-31,39,46,,58,0.0,35,0.0,0
2020-04-01,0,0,,82,0.0,85,0.0,85
2020-04-02,61,88,,79,0.0,73,0.0,77
2020-04-03,0,0,,51,0.0,53,0.0,0
2020-04-04,95,62,,0,0.0,94,0.0,0
2020-04-05,73,0,,69,0.0,92,0.0,93
2020-04-06,91,66,,100,0.0,63,0.0,0
2020-04-07,59,69,,83,0.0,57,81.0,0
2020-04-08,0,66,,66,0.0,73,98.0,0
2020-04-09,0,54,,68,94.0,83,0.0,73
2020-04-10,60,54,,0,0.0,89,0.0,71
2020-04-11,62,60,,90,0.0,78,0.0,0
2020-04-12,0,0,,66,0.0,98,0.0,0
2020-04-13,63,63,,0,0.0,63,0.0,69
2020-04-14,92,56,,73,100.0,62,0.0,62
2020-04-15,0,48,,0,99.0,76,0.0,0
2020-04-16,51,70,,68,0.0,62,85.0,0
2020-04-17,70,77,,65,0.0,55,0.0,0
2020-04-18,0,74,,0,0.0,69,0.0,0
2020-04-19,71,68,,88,0.0,59,100.0,0
2020-04-20,64,70,,0,0.0,79,0.0,0
2020-04-21,77,62,,53,92.0,40,0.0,69
2020-04-22,59,40,,80,0.0,46,0.0,61
2020-04-23,68,58,,71,0.0,68,0.0,63
2020-04-24,52,100,,82,86.0,70,0.0,0
2020-04-25,97,91,,81,0.0,100,0.0,0
2020-04-26,70,93,,81,0.0,82,0.0,98
2020-04-27,100,68,,87,0.0,54,0.0,100
2020-04-28,49,53,,0,0.0,51,0.0,72
2020-04-29,80,74,,0,0.0,50,0.0,78
2020-04-30,82,74,,61,0.0,76,0.0,0
2020-05-01,63,54,,49,100.0,58,0.0,0
2020-05-02,44,65,,82,0.0,75,0.0,56
2020-05-03,50,38,,91,0.0,74,0.0,71
2020-05-04,100,80,,53,0.0,59,0.0,49
2020-05-05,66,49,,67,96.0,61,0.0,100
2020-05-06,54,58,,66,71.0,70,0.0,44
2020-05-07,49,65,,54,0.0,80,0.0,56
2020-05-08,46,45,,56,0.0,73,0.0,68
2020-05-09,63,62,,83,0.0,65,0.0,0
2020-05-10,0,88,,57,96.0,77,0.0,0
2020-05-11,59,52,,100,0.0,63,0.0,0
2020-05-12,62,46,,81,0.0,64,0.0,72
2020-05-13,44,55,,72,0.0,80,0.0,54
2020-05-14,42,67,,88,0.0,80,0.0,53
2020-05-15,81,51,,52,0.0,78,0.0,0
2020-05-16,0,86,,63,0.0,64,0.0,76
2020-05-17,52,46,,100,0.0,83,0.0,0
2020-05-18,54,53,,73,91.0,85,0.0,41
2020-05-19,46,59,,83,0.0,91,0.0,64
2020-05-20,66,35,,41,0.0,89,0.0,49
2020-05-21,53,40,,65,0.0,77,0.0,0
2020-05-22,65,75,,75,0.0,61,0.0,51
2020-05-23,67,43,,86,0.0,77,0.0,90
2020-05-24,50,64,,61,0.0,73,0.0,0
2020-05-25,33,100,,68,0.0,100,0.0,59
2020-05-26,59,54,,56,0.0,65,80.0,44
2020-05-27,61,66,,54,73.0,66,0.0,0
2020-05-28,47,69,,62,0.0,80,0.0,0
2020-05-29,52,52,,56,0.0,49,0.0,69
2020-05-30,0,96,,64,0.0,53,0.0,0
2020-05-31,63,53,,53,0.0,92,100.0,0
2020-06-01,67,100,,60,0.0,84,0.0,62
2020-06-02,47,51,,58,0.0,81,0.0,0
2020-06-03,52,45,,64,0.0,77,0.0,86
2020-06-04,53,55,,79,33.0,87,0.0,58
2020-06-05,47,43,,71,0.0,87,0.0,68
2020-06-06,62,57,,44,0.0,75,0.0,0
2020-06-07,87,52,,87,0.0,55,0.0,79
2020-06-08,0,73,,69,31.0,80,0.0,0
2020-06-09,76,58,,80,0.0,39,0.0,70
2020-06-10,75,30,,82,39.0,74,0.0,52
2020-06-11,67,74,,55,0.0,70,0.0,88
2020-06-12,47,48,,56,32.0,65,0.0,75
2020-06-13,64,66,,77,0.0,75,0.0,66
2020-06-14,63,58,,60,0.0,38,0.0,94
2020-06-15,62,62,,48,0.0,30,0.0,0
2020-06-16,68,51,,63,27.0,31,0.0,54
2020-06-17,42,43,,73,32.0,80,0.0,98
2020-06-18,81,64,,58,0.0,72,0.0,88
2020-06-19,59,62,,66,0.0,59,0.0,80
2020-06-20,58,58,,75,0.0,69,0.0,0
2020-06-21,53,71,,100,0.0,100,0.0,88
2020-06-22,65,38,,68,47.0,73,0.0,61
2020-06-23,62,73,,74,59.0,66,0.0,100
2020-06-24,39,66,,98,28.0,86,0.0,69
2020-06-25,0,60,,67,69.0,67,0.0,0
2020-06-26,83,62,,81,100.0,75,100.0,63
2020-06-27,100,44,,54,73.0,93,0.0,63
2020-06-28,54,82,,82,49.0,78,0.0,0
2020-06-29,42,85,,85,55.0,72,93.0,70
2020-06-30,50,41,,85,53.0,70,0.0,69
2020-07-01,74,63,,68,53.0,78,0.0,66
2020-07-02,70,84,,63,100.0,89,100.0,0
2020-07-03,64,60,,73,60.0,68,0.0,54
2020-07-04,46,85,,54,0.0,65,0.0,0
2020-07-05,44,50,,77,0.0,100,0.0,86
2020-07-06,64,79,,57,44.0,83,0.0,100
2020-07-07,68,62,,36,49.0,74,0.0,57
2020-07-08,57,56,,53,48.0,52,0.0,0
2020-07-09,48,57,,87,0.0,87,0.0,69
2020-07-10,69,75,,63,55.0,56,0.0,0
2020-07-11,51,72,,75,0.0,80,0.0,84
2020-07-12,46,47,,67,0.0,90,0.0,0
2020-07-13,71,72,,52,47.0,73,0.0,64
2020-07-14,0,74,,54,0.0,54,0.0,0
2020-07-15,63,100,,63,0.0,85,0.0,75
2020-07-16,0,86,,74,61.0,98,0.0,47
2020-07-17,64,69,,70,60.0,76,0.0,89
2020-07-18,76,65,,70,0.0,66,0.0,85
2020-07-19,46,69,,54,0.0,65,0.0,0
2020-07-20,52,92,,87,0.0,83,0.0,0
2020-07-21,51,61,,100,60.0,38,0.0,52
2020-07-22,86,63,,74,45.0,71,0.0,79
2020-07-23,40,44,,74,0.0,70,0.0,71
2020-07-24,0,75,,85,0.0,80,0.0,61
2020-07-25,62,71,,71,0.0,45,0.0,0
2020-07-26,0,86,,83,0.0,63,0.0,0
2020-07-27,0,96,,58,62.0,61,0.0,99
2020-07-28,0,53,,63,64.0,60,0.0,0
2020-07-29,0,40,,89,0.0,69,0.0,56
2020-07-30,100,54,,73,41.0,75,0.0,0
2020-07-31,43,46,,85,46.0,72,0.0,73
2020-08-01,0,0,,55,0.0,54,,0
2020-08-02,62,54,,65,0.0,69,,0
2020-08-03,50,95,,100,0.0,43,,100
2020-08-04,63,100,,70,60.0,60,,66
2020-08-05,0,44,,53,64.0,47,,34
2020-08-06,61,47,,0,0.0,57,,34
2020-08-07,39,46,,54,100.0,75,,0
2020-08-08,49,42,,0,0.0,59,,0
2020-08-09,45,32,,81,0.0,100,,44
2020-08-10,38,53,,66,0.0,56,,38
2020-08-11,62,61,,91,0.0,40,,44
2020-08-12,66,32,,57,0.0,43,,0
2020-08-13,39,74,,50,66.0,59,,60
2020-08-14,0,46,,84,0.0,51,,40
2020-08-15,69,41,,0,0.0,59,,57
2020-08-16,71,46,,95,0.0,73,,48
2020-08-17,100,79,,50,78.0,67,,43
2020-08-18,59,62,,72,0.0,62,,55
2020-08-19,61,51,,73,72.0,71,,0
2020-08-20,47,63,,73,0.0,65,,35
2020-08-21,56,59,,36,0.0,79,,0
2020-08-22,45,52,,58,0.0,55,,0
2020-08-23,90,49,,52,0.0,76,,41
2020-08-24,0,58,,44,0.0,73,,0
2020-08-25,52,51,,59,58.0,64,,49
2020-08-26,0,46,,0,0.0,59,,0
2020-08-27,60,59,,36,67.0,73,,30
2020-08-28,87,58,,51,0.0,51,,40
2020-08-29,0,58,,63,0.0,78,,0
2020-08-30,56,69,,62,0.0,52,,0
2020-08-31,55,39,,39,0.0,64,,32
2020-09-01,69,71,,65,0.0,64,0.0,51
2020-09-02,55,64,,68,0.0,65,0.0,54
2020-09-03,40,65,,59,0.0,69,0.0,48
2020-09-04,72,61,,70,0.0,75,0.0,100
2020-09-05,80,79,,66,0.0,78,0.0,57
2020-09-06,69,38,,48,0.0,89,0.0,85
2020-09-07,62,57,,78,84.0,75,97.0,0
2020-09-08,62,97,,100,0.0,79,71.0,0
2020-09-09,53,91,,73,0.0,82,0.0,67
2020-09-10,94,64,,0,75.0,59,75.0,53
2020-09-11,57,94,,0,93.0,75,0.0,42
2020-09-12,88,58,,78,0.0,63,0.0,49
2020-09-13,55,73,,68,100.0,67,0.0,66
2020-09-14,72,76,,48,96.0,61,0.0,62
2020-09-15,47,68,,85,0.0,55,67.0,66
2020-09-16,71,85,,49,0.0,65,51.0,61
2020-09-17,51,69,,46,0.0,52,0.0,88
2020-09-18,69,51,,58,0.0,65,0.0,45
2020-09-19,77,51,,72,0.0,78,0.0,70
2020-09-20,100,49,,0,0.0,93,0.0,0
2020-09-21,94,94,,0,0.0,100,100.0,53
2020-09-22,80,73,,74,0.0,69,65.0,0
2020-09-23,80,100,,64,0.0,76,0.0,58
2020-09-24,40,50,,64,69.0,86,0.0,68
2020-09-25,96,65,,0,0.0,93,0.0,0
2020-09-26,90,78,,61,0.0,74,0.0,0
2020-09-27,54,70,,0,0.0,85,0.0,65
2020-09-28,69,82,,76,0.0,86,0.0,47
2020-09-29,72,63,,57,0.0,60,66.0,60
2020-09-30,91,66,,62,0.0,72,0.0,0
2020-10-01,79,84,,0,0.0,99,0.0,0
2020-10-02,0,58,,82,0.0,87,0.0,0
2020-10-03,60,91,,85,0.0,52,0.0,0
2020-10-04,78,52,,63,90.0,75,0.0,0
2020-10-05,40,81,,85,0.0,100,0.0,0
2020-10-06,52,42,,60,0.0,88,0.0,55
2020-10-07,66,60,,55,0.0,71,0.0,64
2020-10-08,53,51,,75,0.0,76,0.0,0
2020-10-09,55,82,,100,0.0,68,0.0,90
2020-10-10,50,57,,76,0.0,65,0.0,0
2020-10-11,0,73,,80,0.0,49,0.0,0
2020-10-12,57,74,,0,100.0,85,91.0,0
2020-10-13,50,66,,54,0.0,59,0.0,0
2020-10-14,40,77,,71,0.0,85,61.0,65
2020-10-15,0,78,,55,0.0,85,99.0,63
2020-10-16,100,65,,54,0.0,82,0.0,0
2020-10-17,52,66,,74,0.0,93,0.0,0
2020-10-18,48,57,,0,0.0,76,0.0,0
2020-10-19,48,93,,87,0.0,88,0.0,0
2020-10-20,66,65,,0,0.0,79,0.0,55
2020-10-21,37,61,,0,0.0,66,0.0,68
2020-10-22,54,81,,74,0.0,69,0.0,0
2020-10-23,57,62,,80,0.0,85,0.0,61
2020-10-24,73,100,,73,0.0,97,0.0,0
2020-10-25,57,68,,99,0.0,98,100.0,80
2020-10-26,67,55,,81,0.0,79,0.0,59
2020-10-27,40,56,,0,0.0,82,0.0,67
2020-10-28,60,58,,63,0.0,66,0.0,0
2020-10-29,0,75,,75,95.0,57,0.0,0
2020-10-30,0,70,,82,0.0,68,0.0,0
2020-10-31,0,0,,0,0.0,60,0.0,100
2020-11-01,67,53,,0,0.0,100,,0
2020-11-02,100,99,,80,0.0,79,,75
2020-11-03,75,49,,100,0.0,69,,58
2020-11-04,43,52,,39,0.0,61,,74
2020-11-05,0,0,,72,0.0,94,,0
2020-11-06,0,47,,48,0.0,71,,74
2020-11-07,0,70,,0,0.0,69,,91
2020-11-08,0,51,,0,0.0,77,,0
2020-11-09,95,95,,47,0.0,90,,87
2020-11-10,56,80,,47,0.0,90,,72
2020-11-11,52,100,,65,0.0,82,,77
2020-11-12,45,48,,0,0.0,99,,91
2020-11-13,44,77,,66,0.0,69,,89
2020-11-14,0,54,,0,100.0,71,,80
2020-11-15,49,83,,0,0.0,95,,0
2020-11-16,0,88,,56,0.0,82,,60
2020-11-17,0,71,,57,0.0,79,,100
2020-11-18,40,58,,61,0.0,82,,0
2020-11-19,45,50,,0,0.0,75,,82
2020-11-20,0,82,,0,0.0,61,,0
2020-11-21,0,76,,78,0.0,75,,77
2020-11-22,51,54,,69,0.0,73,,0
2020-11-23,49,64,,43,0.0,94,,0
2020-11-24,66,67,,66,0.0,75,,57
2020-11-25,0,51,,70,0.0,57,,64
2020-11-26,0,47,,0,0.0,91,,0
2020-11-27,45,0,,63,0.0,70,,72
2020-11-28,0,0,,0,0.0,70,,81
2020-11-29,59,64,,0,0.0,69,,0
2020-11-30,43,89,,59,0.0,73,,60
2020-12-01,51,88,,74,0.0,61,0.0,36
2020-12-02,58,0,,74,0.0,75,67.0,77
2020-12-03,51,84,,0,0.0,65,0.0,0
2020-12-04,0,82,,62,0.0,66,72.0,0
2020-12-05,0,74,,0,0.0,74,0.0,44
2020-12-06,0,69,,74,0.0,87,0.0,51
2020-12-07,0,63,,76,0.0,74,0.0,41
2020-12-08,0,84,,59,0.0,57,100.0,45
2020-12-09,60,44,,48,0.0,64,72.0,37
2020-12-10,100,67,,48,0.0,72,0.0,0
2020-12-11,48,81,,80,0.0,98,0.0,43
2020-12-12,55,64,,0,0.0,76,0.0,0
2020-12-13,59,57,,52,53.0,80,0.0,45
2020-12-14,54,60,,52,0.0,65,70.0,41
2020-12-15,74,68,,64,0.0,100,0.0,0
2020-12-16,65,50,,60,0.0,86,0.0,48
2020-12-17,60,59,,0,0.0,82,0.0,50
2020-12-18,0,50,,49,0.0,79,0.0,51
2020-12-19,0,86,,58,0.0,64,0.0,49
2020-12-20,0,66,,0,0.0,94,84.0,61
2020-12-21,50,65,,59,0.0,71,0.0,51
2020-12-22,0,100,,70,0.0,84,0.0,51
2020-12-23,0,73,,73,0.0,63,0.0,48
2020-12-24,0,0,,78,0.0,77,0.0,46
2020-12-25,0,69,,70,100.0,69,0.0,45
2020-12-26,73,86,,79,0.0,69,0.0,45
2020-12-27,59,82,,60,0.0,66,0.0,33
2020-12-28,64,95,,83,0.0,66,0.0,39
2020-12-29,48,56,,100,0.0,48,0.0,0
2020-12-30,0,0,,0,50.0,70,0.0,63
2020-12-31,79,90,,53,0.0,79,0.0,100
2021-01-01,0,0,,54,0.0,68,0.0,65
2021-01-02,69,71,,74,0.0,63,0.0,57
2021-01-03,0,69,,83,0.0,72,0.0,41
2021-01-04,59,80,,0,84.0,75,92.0,49
2021-01-05,0,79,,62,0.0,100,0.0,53
2021-01-06,72,57,,64,0.0,58,0.0,38
2021-01-07,60,65,,60,75.0,62,0.0,97
2021-01-08,0,51,,39,0.0,62,100.0,100
2021-01-09,92,58,,48,0.0,73,0.0,76
2021-01-10,62,62,,0,0.0,56,0.0,68
2021-01-11,61,52,,68,0.0,69,0.0,58
2021-01-12,0,90,,0,0.0,47,0.0,71
2021-01-13,0,45,,49,83.0,64,0.0,42
2021-01-14,59,60,,53,0.0,67,0.0,79
2021-01-15,64,91,,0,0.0,65,0.0,64
2021-01-16,0,67,,72,0.0,42,0.0,71
2021-01-17,63,71,,53,0.0,43,0.0,47
2021-01-18,0,80,,81,0.0,57,0.0,41
2021-01-19,57,55,,64,0.0,52,0.0,42
2021-01-20,52,42,,81,0.0,66,0.0,31
2021-01-21,0,69,,56,0.0,41,0.0,48
2021-01-22,59,80,,100,0.0,54,0.0,49
2021-01-23,100,80,,57,0.0,67,0.0,0
2021-01-24,72,68,,82,100.0,50,0.0,58
2021-01-25,65,100,,87,0.0,64,0.0,38
2021-01-26,72,65,,79,0.0,52,98.0,42
2021-01-27,63,67,,85,0.0,46,0.0,31
2021-01-28,67,59,,69,0.0,54,0.0,0
2021-01-29,77,75,,58,0.0,39,0.0,52
2021-01-30,78,78,,0,0.0,71,0.0,50
2021-01-31,0,60,,59,0.0,70,0.0,43
2021-02-01,70,59,0.0,81,0.0,86,0.0,0
2021-02-02,69,57,0.0,85,0.0,80,0.0,87
2021-02-03,0,84,100.0,36,0.0,76,0.0,52
2021-02-04,59,78,0.0,44,0.0,77,0.0,72
2021-02-05,0,0,0.0,0,0.0,67,0.0,63
2021-02-06,0,95,0.0,43,0.0,93,0.0,100
2021-02-07,0,62,0.0,55,100.0,70,0.0,56
2021-02-08,80,86,0.0,79,0.0,59,0.0,59
2021-02-09,70,82,0.0,68,0.0,94,0.0,53
2021-02-10,0,71,0.0,80,0.0,36,100.0,0
2021-02-11,81,91,0.0,80,0.0,64,0.0,0
2021-02-12,71,100,0.0,67,0.0,84,0.0,0
2021-02-13,64,57,0.0,56,0.0,48,0.0,0
2021-02-14,81,89,0.0,100,0.0,83,0.0,0
2021-02-15,61,99,0.0,87,0.0,63,0.0,47
2021-02-16,60,79,0.0,77,0.0,54,0.0,68
2021-02-17,58,0,0.0,70,0.0,54,0.0,74
2021-02-18,50,51,0.0,72,0.0,64,0.0,45
2021-02-19,0,73,0.0,73,0.0,91,0.0,82
2021-02-20,95,57,0.0,47,0.0,100,0.0,0
2021-02-21,64,74,0.0,51,0.0,58,0.0,0
2021-02-22,89,89,0.0,69,0.0,100,0.0,0
2021-02-23,64,58,0.0,57,0.0,59,0.0,63
2021-02-24,0,70,0.0,58,0.0,78,0.0,70
2021-02-25,100,71,0.0,54,0.0,68,0.0,55
2021-02-26,74,0,0.0,76,0.0,43,0.0,0
2021-02-27,0,62,0.0,46,0.0,74,0.0,0
2021-02-28,0,62,0.0,72,0.0,74,0.0,68
2021-03-01,0,66,,72,0.0,74,,0
2021-03-02,49,88,,80,0.0,48,,0
2021-03-03,0,35,,42,60.0,50,,74
2021-03-04,92,57,,67,0.0,54,,0
2021-03-05,51,49,,65,0.0,48,,82
2021-03-06,84,0,,53,0.0,59,,0
2021-03-07,0,50,,50,0.0,54,,0
2021-03-08,49,34,,53,0.0,62,,0
2021-03-09,74,47,,54,0.0,65,,0
2021-03-10,58,43,,98,0.0,56,,0
2021-03-11,64,76,,49,0.0,43,,0
2021-03-12,57,53,,0,0.0,73,,73
2021-03-13,0,53,,0,0.0,91,,100
2021-03-14,57,55,,50,0.0,78,,0
2021-03-15,52,0,,71,72.0,62,,96
2021-03-16,42,58,,58,0.0,47,,70
2021-03-17,77,58,,54,100.0,49,,0
2021-03-18,0,100,,0,0.0,71,,0
2021-03-19,0,63,,59,0.0,57,,67
2021-03-20,0,50,,57,0.0,49,,0
2021-03-21,69,48,,49,0.0,81,,72
2021-03-22,100,42,,100,59.0,89,,0
2021-03-23,51,49,,72,0.0,69,,78
2021-03-24,83,58,,84,0.0,82,,65
2021-03-25,65,50,,0,0.0,76,,0
2021-03-26,0,55,,54,0.0,72,,0
2021-03-27,58,57,,0,0.0,84,,0
2021-03-28,0,55,,59,0.0,100,,0
2021-03-29,0,54,,60,57.0,81,,97
2021-03-30,0,52,,53,0.0,71,,0
2021-03-31,82,44,,76,0.0,83,,0
2021-04-01,61,86,,60,0.0,74,,0
2021-04-02,69,45,,66,0.0,74,,81
2021-04-03,0,49,,76,0.0,83,,69
2021-04-04,61,75,,48,0.0,73,,0
2021-04-05,0,82,,71,0.0,72,,0
2021-04-06,61,85,,57,0.0,69,,69
2021-04-07,81,41,,54,0.0,66,,0
2021-04-08,44,74,,49,0.0,56,,87
2021-04-09,0,0,,66,0.0,60,,0
2021-04-10,0,56,,61,0.0,93,,64
2021-04-11,74,0,,45,0.0,79,,0
2021-04-12,53,57,,100,0.0,99,,95
2021-04-13,61,57,,64,0.0,90,,85
2021-04-14,49,80,,69,0.0,48,,56
2021-04-15,55,70,,58,0.0,100,,0
2021-04-16,59,53,,56,0.0,67,,78
2021-04-17,64,70,,52,0.0,73,,82
2021-04-18,53,49,,48,0.0,74,,100
2021-04-19,51,100,,52,0.0,87,,0
2021-04-20,64,87,,41,0.0,98,,73
2021-04-21,95,72,,48,0.0,56,,0
2021-04-22,69,57,,74,0.0,85,,73
2021-04-23,71,0,,78,0.0,57,,0
2021-04-24,94,71,,0,0.0,82,,0
2021-04-25,81,83,,0,0.0,89,,71
2021-04-26,100,64,,60,100.0,46,,56
2021-04-27,71,83,,0,0.0,49,,60
2021-04-28,64,81,,64,0.0,96,,56
2021-04-29,74,71,,42,0.0,52,,60
2021-04-30,67,58,,47,0.0,78,,0
2021-05-01,84,69,,53,0.0,59,,0
2021-05-02,0,0,,85,70.0,53,,0
2021-05-03,98,62,,44,0.0,67,,0
2021-05-04,59,64,,47,0.0,54,,64
2021-05-05,71,46,,82,0.0,81,,0
2021-05-06,66,54,,50,0.0,71,,91
2021-05-07,0,91,,0,0.0,73,,0
2021-05-08,0,44,,0,0.0,100,,77
2021-05-09,85,64,,74,0.0,80,,0
2021-05-10,73,88,,80,0.0,81,,0
2021-05-11,77,72,,81,0.0,75,,0
2021-05-12,74,47,,67,0.0,64,,0
2021-05-13,0,44,,47,53.0,59,,0
2021-05-14,61,100,,76,57.0,63,,59
2021-05-15,0,78,,0,0.0,83,,0
2021-05-16,46,44,,0,0.0,57,,0
2021-05-17,43,59,,89,0.0,58,,0
2021-05-18,64,83,,78,0.0,45,,0
2021-05-19,60,41,,59,0.0,78,,84
2021-05-20,69,80,,50,0.0,61,,74
2021-05-21,0,64,,52,54.0,46,,68
2021-05-22,0,42,,0,0.0,71,,87
2021-05-23,74,69,,62,0.0,82,,0
2021-05-24,54,95,,55,0.0,34,,77
2021-05-25,55,61,,58,0.0,97,,0
2021-05-26,52,73,,55,0.0,73,,100
2021-05-27,46,69,,57,0.0,73,,60
2021-05-28,59,49,,59,73.0,59,,68
2021-05-29,67,69,,74,0.0,73,,63
2021-05-30,56,97,,100,100.0,69,,0
2021-05-31,100,87,,82,56.0,70,,48
2021-06-01,78,66,,55,0.0,56,,88
2021-06-02,63,63,,80,0.0,60,,67
2021-06-03,97,70,,59,0.0,75,,65
2021-06-04,0,77,,45,0.0,70,,73
2021-06-05,72,41,,46,0.0,77,,64
2021-06-06,67,47,,0,0.0,81,,60
2021-06-07,72,53,,87,0.0,47,,0
2021-06-08,57,82,,93,0.0,73,,0
2021-06-09,78,54,,58,0.0,72,,63
2021-06-10,97,57,,61,67.0,88,,0
2021-06-11,53,48,,42,0.0,58,,56
2021-06-12,61,41,,52,0.0,67,,74
2021-06-13,89,44,,52,0.0,81,,57
2021-06-14,81,78,,86,0.0,71,,0
2021-06-15,64,0,,63,0.0,75,,52
2021-06-16,96,69,,53,0.0,57,,80
2021-06-17,81,79,,82,64.0,42,,51
2021-06-18,100,59,,59,0.0,73,,100
2021-06-19,55,100,,60,0.0,65,,98
2021-06-20,0,76,,85,0.0,71,,0
2021-06-21,56,66,,64,0.0,77,,64
2021-06-22,87,70,,73,0.0,52,,66
2021-06-23,77,47,,36,0.0,76,,0
2021-06-24,85,54,,80,0.0,60,,86
2021-06-25,0,71,,44,0.0,54,,0
2021-06-26,0,70,,61,0.0,89,,0
2021-06-27,0,89,,100,0.0,100,,0
2021-06-28,72,52,,82,68.0,59,,54
2021-06-29,66,78,,52,100.0,70,,53
2021-06-30,0,65,,66,0.0,65,,65
2021-07-01,100,54,,96,24.0,58,0.0,0
2021-07-02,69,61,,0,23.0,45,0.0,0
2021-07-03,62,66,,40,0.0,69,0.0,90
2021-07-04,0,52,,61,0.0,100,0.0,0
2021-07-05,43,83,,46,32.0,75,0.0,80
2021-07-06,71,55,,0,0.0,79,0.0,93
2021-07-07,0,37,,58,0.0,67,100.0,61
2021-07-08,52,36,,75,0.0,69,0.0,85
2021-07-09,83,64,,49,0.0,99,0.0,0
2021-07-10,61,52,,63,0.0,81,0.0,87
2021-07-11,0,42,,57,30.0,90,0.0,0
2021-07-12,60,47,,83,27.0,70,0.0,96
2021-07-13,41,56,,87,29.0,80,0.0,58
2021-07-14,61,48,,75,0.0,53,0.0,0
2021-07-15,77,64,,100,23.0,56,0.0,63
2021-07-16,42,47,,84,28.0,67,0.0,65
2021-07-17,46,53,,67,0.0,66,0.0,85
2021-07-18,0,37,,85,0.0,72,0.0,0
2021-07-19,62,77,,56,0.0,79,0.0,62
2021-07-20,75,51,,73,32.0,55,0.0,0
2021-07-21,55,55,,59,0.0,75,0.0,71
2021-07-22,70,34,,51,42.0,65,0.0,92
2021-07-23,51,66,,91,49.0,83,0.0,0
2021-07-24,50,46,,78,0.0,60,0.0,0
2021-07-25,66,48,,52,0.0,85,0.0,0
2021-07-26,67,69,,71,27.0,41,0.0,100
2021-07-27,72,55,,63,100.0,47,0.0,0
2021-07-28,50,73,,71,35.0,56,0.0,0
2021-07-29,48,58,,55,35.0,60,0.0,0
2021-07-30,74,70,,47,28.0,41,0.0,62
2021-07-31,69,100,,0,0.0,46,0.0,0
2021-08-01,43,83,,51,0.0,77,,56
2021-08-02,90,78,,75,28.0,82,,0
2021-08-03,65,90,,86,56.0,53,,0
2021-08-04,0,66,,68,100.0,62,,100
2021-08-05,66,61,,48,95.0,65,,0
2021-08-06,48,65,,35,61.0,72,,0
2021-08-07,0,100,,53,72.0,57,,86
2021-08-08,58,51,,74,34.0,84,,0
2021-08-09,51,94,,72,24.0,71,,0
2021-08-10,79,76,,64,22.0,79,,0
2021-08-11,74,53,,64,22.0,65,,0
2021-08-12,46,82,,66,12.0,62,,0
2021-08-13,62,51,,43,16.0,85,,62
2021-08-14,60,89,,55,0.0,72,,0
2021-08-15,57,49,,59,0.0,73,,0
2021-08-16,61,70,,87,17.0,81,,55
2021-08-17,57,70,,60,15.0,81,,0
2021-08-18,100,80,,67,0.0,83,,0
2021-08-19,76,54,,100,12.0,71,,0
2021-08-20,42,73,,62,0.0,69,,48
2021-08-21,49,87,,46,0.0,78,,53
2021-08-22,56,44,,49,0.0,63,,0
2021-08-23,63,0,,71,0.0,74,,0
2021-08-24,0,0,,0,0.0,0,,0
2021-08-25,61,81,,59,12.0,82,,67
2021-08-26,95,56,,65,85.0,86,,52
2021-08-27,60,66,,70,85.0,58,,0
2021-08-28,74,75,,53,19.0,74,,56
2021-08-29,0,63,,43,27.0,100,,61
2021-08-30,68,97,,70,19.0,92,,73
2021-08-31,37,65,,65,12.0,74,,44
2021-09-01,51,0,,45,80.0,57,,0
2021-09-02,50,54,,54,0.0,58,,54
2021-09-03,30,73,,40,52.0,61,,67
2021-09-04,42,45,,0,0.0,57,,77
2021-09-05,0,47,,86,0.0,60,,0
2021-09-06,47,57,,71,52.0,70,,0
2021-09-07,0,53,,52,0.0,62,,0
2021-09-08,54,53,,88,60.0,48,,73
2021-09-09,62,83,,56,0.0,76,,0
2021-09-10,65,57,,67,0.0,63,,0
2021-09-11,63,72,,59,0.0,90,,0
2021-09-12,56,48,,71,0.0,93,,0
2021-09-13,75,88,,53,54.0,47,,46
2021-09-14,60,53,,72,0.0,62,,0
2021-09-15,51,50,,65,0.0,74,,0
2021-09-16,35,66,,66,0.0,73,,0
2021-09-17,71,76,,68,0.0,81,,69
2021-09-18,0,100,,89,0.0,56,,0
2021-09-19,0,55,,100,0.0,59,,0
2021-09-20,100,44,,64,0.0,66,,0
2021-09-21,60,86,,61,0.0,69,,0
2021-09-22,62,45,,0,0.0,91,,0
2021-09-23,76,77,,0,0.0,67,,47
2021-09-24,72,80,,73,0.0,100,,0
2021-09-25,50,68,,52,0.0,65,,64
2021-09-26,0,0,,59,100.0,69,,56
2021-09-27,74,84,,57,0.0,91,,0
2021-09-28,71,75,,44,0.0,71,,100
2021-09-29,71,83,,63,0.0,75,,56
2021-09-30,64,71,,71,0.0,65,,48
2021-10-01,74,61,,0,,42,0.0,64
2021-10-02,62,56,,51,,63,0.0,0
2021-10-03,77,0,,64,,35,0.0,0
2021-10-04,75,54,,75,,46,0.0,0
2021-10-05,68,76,,52,,33,70.0,48
2021-10-06,55,49,,67,,44,0.0,61
2021-10-07,69,42,,51,,42,87.0,59
2021-10-08,83,58,,0,,39,74.0,64
2021-10-09,71,95,,0,,38,0.0,100
2021-10-10,75,100,,64,,48,0.0,69
2021-10-11,79,80,,77,,74,76.0,0
2021-10-12,0,80,,36,,51,82.0,44
2021-10-13,52,96,,100,,55,100.0,82
2021-10-14,50,80,,42,,53,82.0,45
2021-10-15,50,93,,56,,43,76.0,47
2021-10-16,58,0,,56,,63,0.0,59
2021-10-17,54,64,,72,,100,0.0,64
2021-10-18,49,95,,67,,81,57.0,0
2021-10-19,49,53,,56,,64,0.0,78
2021-10-20,100,82,,61,,72,54.0,74
2021-10-21,53,53,,68,,70,69.0,66
2021-10-22,0,98,,61,,61,63.0,0
2021-10-23,86,59,,81,,60,0.0,0
2021-10-24,78,75,,0,,73,0.0,52
2021-10-25,51,71,,76,,57,72.0,67
2021-10-26,77,76,,42,,76,96.0,47
2021-10-27,90,94,,0,,75,0.0,0
2021-10-28,61,62,,48,,66,0.0,49
2021-10-29,80,57,,0,,68,0.0,54
2021-10-30,0,56,,0,,64,0.0,0
2021-10-31,59,66,,56,,84,0.0,0
2021-11-01,54,61,,57,0.0,58,0.0,59
2021-11-02,63,75,,52,0.0,69,61.0,47
2021-11-03,79,52,,58,0.0,83,0.0,0
2021-11-04,0,39,,81,0.0,87,0.0,49
2021-11-05,55,44,,61,0.0,77,0.0,0
2021-11-06,0,42,,0,0.0,79,100.0,0
2021-11-07,0,100,,61,0.0,75,0.0,68
2021-11-08,0,76,,0,0.0,92,71.0,46
2021-11-09,99,62,,100,100.0,84,0.0,0
2021-11-10,100,60,,44,0.0,81,59.0,68
2021-11-11,53,60,,60,0.0,87,64.0,68
2021-11-12,68,58,,73,0.0,83,0.0,0
2021-11-13,75,79,,82,0.0,96,0.0,59
2021-11-14,62,65,,57,0.0,100,0.0,56
2021-11-15,73,60,,41,0.0,61,98.0,77
2021-11-16,65,61,,52,0.0,72,68.0,0
2021-11-17,55,62,,52,0.0,99,0.0,0
2021-11-18,0,66,,99,0.0,78,0.0,75
2021-11-19,62,0,,59,0.0,86,0.0,59
2021-11-20,0,72,,58,0.0,77,0.0,68
2021-11-21,55,0,,69,0.0,77,68.0,59
2021-11-22,57,74,,85,0.0,84,0.0,51
2021-11-23,0,43,,72,0.0,53,0.0,100
2021-11-24,67,82,,51,0.0,78,0.0,53
2021-11-25,63,33,,54,0.0,58,0.0,51
2021-11-26,0,70,,83,0.0,75,0.0,0
2021-11-27,0,54,,58,0.0,87,0.0,0
2021-11-28,0,59,,67,0.0,67,0.0,0
2021-11-29,58,60,,88,0.0,86,0.0,55
2021-11-30,46,0,,46,0.0,70,0.0,64
2021-12-01,52,77,,59,0.0,84,0.0,67
2021-12-02,0,0,,37,0.0,88,0.0,50
2021-12-03,94,75,,46,0.0,95,0.0,51
2021-12-04,0,100,,0,0.0,100,0.0,87
2021-12-05,60,55,,49,0.0,86,0.0,73
2021-12-06,63,61,,47,0.0,77,87.0,0
2021-12-07,63,78,,41,0.0,75,0.0,0
2021-12-08,97,0,,37,0.0,85,0.0,0
2021-12-09,56,60,,37,0.0,95,0.0,57
2021-12-10,0,67,,61,0.0,74,0.0,62
2021-12-11,0,60,,40,0.0,58,0.0,77
2021-12-12,68,89,,33,100.0,67,0.0,84
2021-12-13,95,76,,40,0.0,84,0.0,85
2021-12-14,0,77,,65,0.0,91,0.0,0
2021-12-15,75,54,,49,0.0,99,0.0,0
2021-12-16,54,86,,38,93.0,56,0.0,44
2021-12-17,0,75,,39,0.0,88,0.0,84
2021-12-18,0,56,,0,0.0,76,0.0,66
2021-12-19,75,80,,47,0.0,57,0.0,0
2021-12-20,71,79,,100,0.0,92,0.0,58
2021-12-21,0,74,,0,0.0,84,0.0,56
2021-12-22,51,59,,37,0.0,63,100.0,45
2021-12-23,0,85,,37,0.0,42,0.0,43
2021-12-24,91,60,,43,0.0,57,0.0,66
2021-12-25,0,0,,32,0.0,74,0.0,100
2021-12-26,59,66,,44,0.0,79,0.0,65
2021-12-27,84,61,,0,0.0,88,0.0,71
2021-12-28,100,46,,53,0.0,67,0.0,46
2021-12-29,57,78,,0,0.0,77,0.0,74
2021-12-30,0,57,,72,0.0,59,0.0,63
2021-12-31,61,72,,47,0.0,78,0.0,0
2022-01-01,0,60,,70,0.0,64,0.0,66
2022-01-02,0,55,,52,0.0,87,0.0,68
2022-01-03,54,60,,66,0.0,81,0.0,58
2022-01-04,0,47,,100,0.0,61,0.0,0
2022-01-05,0,64,,51,0.0,79,0.0,0
2022-01-06,53,54,,55,0.0,74,100.0,63
2022-01-07,53,100,,58,0.0,76,0.0,64
2022-01-08,46,56,,40,0.0,75,0.0,85
2022-01-09,0,0,,46,0.0,71,0.0,0
2022-01-10,0,60,,79,0.0,64,0.0,70
2022-01-11,47,41,,48,0.0,74,0.0,76
2022-01-12,0,0,,90,0.0,67,0.0,0
2022-01-13,0,76,,0,0.0,100,0.0,92
2022-01-14,0,0,,55,0.0,68,0.0,0
2022-01-15,0,51,,65,0.0,73,0.0,0
2022-01-16,0,0,,45,0.0,77,0.0,0
2022-01-17,52,59,,53,0.0,78,0.0,0
2022-01-18,52,64,,0,0.0,76,0.0,52
2022-01-19,0,43,,73,0.0,47,0.0,0
2022-01-20,0,0,,70,0.0,79,0.0,100
2022-01-21,100,64,,65,0.0,72,0.0,76
2022-01-22,57,0,,42,0.0,67,0.0,70
2022-01-23,84,48,,45,0.0,69,0.0,0
2022-01-24,77,0,,76,100.0,47,58.0,85
2022-01-25,0,83,,77,0.0,83,0.0,82
2022-01-26,0,69,,71,0.0,87,0.0,80
2022-01-27,0,40,,51,0.0,88,0.0,51
2022-01-28,47,0,,79,0.0,84,0.0,51
2022-01-29,0,0,,36,0.0,74,0.0,0
2022-01-30,0,0,,72,0.0,93,0.0,0
2022-01-31,49,0,,61,0.0,82,0.0,59
2022-02-01,0,63,,44,0.0,58,0.0,77
2022-02-02,0,0,,59,0.0,68,0.0,68
2022-02-03,0,49,,54,0.0,60,0.0,100
2022-02-04,82,100,,100,0.0,67,0.0,82
2022-02-05,80,0,,68,100.0,68,0.0,88
2022-02-06,0,0,,53,0.0,50,0.0,0
2022-02-07,58,71,,36,0.0,80,0.0,60
2022-02-08,0,58,,44,0.0,65,0.0,70
2022-02-09,0,67,,26,0.0,73,0.0,69
2022-02-10,100,0,,45,70.0,57,0.0,0
2022-02-11,98,54,,43,0.0,60,0.0,65
2022-02-12,84,61,,33,0.0,100,0.0,98
2022-02-13,59,85,,50,0.0,82,0.0,95
2022-02-14,68,64,,39,46.0,68,0.0,57
2022-02-15,56,72,,22,0.0,76,0.0,0
2022-02-16,60,58,,33,0.0,75,0.0,89
2022-02-17,56,51,,41,0.0,66,0.0,88
2022-02-18,0,40,,46,48.0,81,0.0,83
2022-02-19,64,59,,38,0.0,63,0.0,52
2022-02-20,89,41,,54,0.0,67,0.0,0
2022-02-21,78,42,,64,0.0,55,0.0,52
2022-02-22,96,37,,46,0.0,69,0.0,83
2022-02-23,0,83,,34,0.0,80,0.0,96
2022-02-24,61,82,,28,0.0,57,0.0,77
2022-02-25,53,65,,34,0.0,72,0.0,75
2022-02-26,74,69,,27,0.0,64,100.0,89
2022-02-27,0,78,,30,0.0,79,0.0,0
2022-02-28,71,0,,32,0.0,67,0.0,66
2022-03-01,58,47,,58,0.0,82,0.0,100
2022-03-02,49,38,,62,91.0,75,0.0,0
2022-03-03,38,41,,60,0.0,61,0.0,70
2022-03-04,0,37,,57,0.0,90,61.0,48
2022-03-05,44,86,,56,0.0,96,100.0,75
2022-03-06,57,0,,73,0.0,88,0.0,72
2022-03-07,49,100,,77,0.0,86,0.0,72
2022-03-08,53,54,,81,0.0,83,0.0,46
2022-03-09,55,0,,53,0.0,71,0.0,59
2022-03-10,50,62,,86,0.0,78,0.0,53
2022-03-11,40,58,,48,0.0,78,0.0,47
2022-03-12,47,41,,83,0.0,98,0.0,55
2022-03-13,68,87,,64,0.0,84,0.0,67
2022-03-14,0,65,,82,77.0,82,0.0,41
2022-03-15,71,45,,100,0.0,92,0.0,87
2022-03-16,73,57,,85,0.0,64,0.0,58
2022-03-17,38,45,,91,91.0,79,0.0,43
2022-03-18,53,35,,86,0.0,72,0.0,0
2022-03-19,66,51,,58,0.0,93,0.0,86
2022-03-20,56,35,,0,0.0,100,0.0,53
2022-03-21,100,51,,45,0.0,74,0.0,0
2022-03-22,72,60,,72,86.0,73,0.0,38
2022-03-23,48,52,,55,0.0,73,0.0,37
2022-03-24,69,45,,51,100.0,72,0.0,0
2022-03-25,47,50,,74,70.0,60,0.0,0
2022-03-26,60,65,,69,0.0,71,0.0,61
2022-03-27,69,71,,62,0.0,89,0.0,0
2022-03-28,48,56,,57,0.0,69,0.0,41
2022-03-29,60,0,,76,0.0,63,0.0,32
2022-03-30,67,60,,53,77.0,58,0.0,38
2022-03-31,60,53,,75,79.0,60,0.0,42
2022-04-01,51,91,,65,0.0,69,,58
2022-04-02,57,100,,44,0.0,91,,56
2022-04-03,53,38,,47,0.0,100,,61
2022-04-04,73,66,,67,0.0,65,,50
2022-04-05,75,64,,82,0.0,70,,53
2022-04-06,83,64,,92,0.0,73,,100
2022-04-07,85,89,,100,100.0,65,,72
2022-04-08,86,48,,71,0.0,53,,57
2022-04-09,71,48,,76,0.0,75,,84
2022-04-10,73,0,,72,0.0,73,,53
2022-04-11,76,55,,95,0.0,77,,53
2022-04-12,68,80,,71,0.0,52,,53
2022-04-13,60,84,,62,0.0,45,,41
2022-04-14,62,65,,76,0.0,36,,56
2022-04-15,76,82,,62,0.0,48,,48
2022-04-16,68,41,,51,96.0,56,,56
2022-04-17,73,77,,42,69.0,64,,45
2022-04-18,100,64,,76,52.0,56,,73
2022-04-19,69,60,,75,80.0,51,,0
2022-04-20,49,62,,80,0.0,47,,83
2022-04-21,98,63,,62,0.0,52,,55
2022-04-22,90,67,,72,66.0,49,,82
2022-04-23,90,64,,58,0.0,61,,74
2022-04-24,82,73,,73,76.0,53,,65
2022-04-25,82,64,,71,67.0,51,,49
2022-04-26,71,66,,72,0.0,44,,0
2022-04-27,98,95,,51,58.0,49,,73
2022-04-28,90,94,,63,0.0,45,,0
2022-04-29,74,59,,45,0.0,38,,65
2022-04-30,53,55,,82,0.0,49,,43
2022-05-01,88,63,,45,60.0,96,,60
2022-05-02,71,57,,24,39.0,99,,69
2022-05-03,73,57,,47,48.0,78,,36
2022-05-04,77,65,,44,45.0,95,,46
2022-05-05,100,65,,40,0.0,94,,59
2022-05-06,80,84,,53,0.0,75,,53
2022-05-07,90,87,,39,0.0,92,,56
2022-05-08,66,69,,52,0.0,96,,66
2022-05-09,97,77,,58,0.0,69,,0
2022-05-10,93,60,,58,48.0,68,,61
2022-05-11,83,57,,47,60.0,85,,50
2022-05-12,69,88,,43,0.0,83,,50
2022-05-13,57,81,,37,54.0,91,,62
2022-05-14,70,48,,58,54.0,90,,74
2022-05-15,76,43,,46,66.0,100,,64
2022-05-16,99,68,,56,85.0,73,,65
2022-05-17,91,73,,65,0.0,70,,0
2022-05-18,79,71,,51,68.0,62,,47
2022-05-19,71,85,,75,50.0,100,,55
2022-05-20,87,69,,52,0.0,66,,56
2022-05-21,70,100,,45,62.0,62,,92
2022-05-22,52,82,,52,100.0,91,,57
2022-05-23,75,96,,51,77.0,77,,100
2022-05-24,68,69,,41,71.0,82,,64
2022-05-25,98,57,,69,54.0,98,,43
2022-05-26,79,64,,48,46.0,62,,40
2022-05-27,0,70,,62,0.0,66,,66
2022-05-28,57,53,,33,0.0,72,,50
2022-05-29,62,67,,49,0.0,78,,76
2022-05-30,86,51,,100,63.0,55,,0
2022-05-31,65,52,,55,70.0,46,,46
2022-06-01,53,48,,92,20.0,63,,0
2022-06-02,69,45,,63,0.0,64,,100
2022-06-03,75,44,,40,0.0,46,,50
2022-06-04,64,48,,86,0.0,72,,0
2022-06-05,58,54,,73,0.0,72,,94
2022-06-06,44,56,,70,23.0,56,,60
2022-06-07,45,40,,71,24.0,86,,63
2022-06-08,100,33,,79,18.0,54,,0
2022-06-09,38,38,,70,18.0,73,,0
2022-06-10,41,70,,79,21.0,58,,0
2022-06-11,96,100,,73,0.0,100,,61
2022-06-12,64,59,,67,0.0,99,,0
2022-06-13,77,54,,62,18.0,69,,73
2022-06-14,48,47,,73,23.0,55,,76
2022-06-15,64,47,,71,0.0,65,,48
2022-06-16,69,55,,82,23.0,43,,78
2022-06-17,94,46,,56,0.0,63,,62
2022-06-18,45,45,,43,0.0,63,,80
2022-06-19,79,54,,84,0.0,75,,98
2022-06-20,61,31,,90,0.0,86,,55
2022-06-21,49,47,,92,25.0,59,,60
2022-06-22,54,78,,81,0.0,82,,81
2022-06-23,78,48,,47,100.0,55,,60
2022-06-24,60,47,,65,87.0,58,,70
2022-06-25,0,50,,61,54.0,64,,64
2022-06-26,51,45,,100,30.0,79,,60
2022-06-27,64,58,,95,34.0,65,,0
2022-06-28,79,66,,80,45.0,72,,0
2022-06-29,62,53,,71,23.0,52,,57
2022-06-30,64,39,,73,32.0,70,,50
2022-07-01,46,49,,53,55.0,51,0.0,65
2022-07-02,69,0,,72,43.0,68,0.0,84
2022-07-03,66,40,,69,66.0,75,0.0,57
2022-07-04,43,100,,75,73.0,75,0.0,71
2022-07-05,40,75,,59,83.0,66,0.0,0
2022-07-06,46,73,,75,81.0,63,0.0,79
2022-07-07,68,64,,94,73.0,66,0.0,67
2022-07-08,57,49,,96,100.0,55,0.0,0
2022-07-09,57,61,,71,0.0,86,0.0,100
2022-07-10,53,65,,68,0.0,70,0.0,0
2022-07-11,61,83,,90,46.0,85,0.0,55
2022-07-12,42,68,,86,62.0,86,0.0,98
2022-07-13,39,64,,65,56.0,80,0.0,56
2022-07-14,45,96,,52,87.0,78,0.0,0
2022-07-15,63,77,,60,66.0,91,0.0,95
2022-07-16,40,37,,78,62.0,94,0.0,0
2022-07-17,62,59,,67,45.0,96,0.0,0
2022-07-18,100,57,,88,71.0,96,0.0,79
2022-07-19,61,47,,81,65.0,99,0.0,63
2022-07-20,34,47,,61,56.0,73,0.0,64
2022-07-21,62,62,,100,63.0,95,0.0,58
2022-07-22,0,66,,75,0.0,86,0.0,81
2022-07-23,41,55,,89,0.0,99,100.0,0
2022-07-24,53,48,,97,0.0,90,0.0,69
2022-07-25,77,75,,71,67.0,84,0.0,80
2022-07-26,47,54,,66,58.0,90,0.0,74
2022-07-27,50,54,,80,0.0,69,0.0,0
2022-07-28,53,67,,67,0.0,88,0.0,71
2022-07-29,43,74,,69,0.0,95,0.0,89
2022-07-30,50,46,,95,0.0,100,0.0,64
2022-07-31,47,58,,74,46.0,95,0.0,76
2022-08-01,70,100,0.0,57,51.0,69,0.0,70
2022-08-02,41,72,0.0,65,100.0,78,0.0,84
2022-08-03,35,67,0.0,51,46.0,80,0.0,0
2022-08-04,76,68,0.0,57,53.0,76,0.0,0
2022-08-05,88,92,0.0,65,43.0,74,0.0,0
2022-08-06,74,86,0.0,100,59.0,90,0.0,90
2022-08-07,83,77,0.0,63,49.0,75,0.0,0
2022-08-08,69,76,0.0,59,60.0,76,0.0,91
2022-08-09,56,92,0.0,40,49.0,84,0.0,58
2022-08-10,45,71,0.0,49,0.0,73,0.0,50
2022-08-11,77,49,0.0,45,0.0,75,0.0,74
2022-08-12,53,58,0.0,55,46.0,74,100.0,0
2022-08-13,0,68,0.0,42,0.0,90,0.0,0
2022-08-14,53,48,0.0,65,0.0,91,0.0,66
2022-08-15,57,56,0.0,54,0.0,92,0.0,83
2022-08-16,84,77,81.0,66,65.0,91,0.0,60
2022-08-17,38,68,0.0,61,41.0,100,0.0,62
2022-08-18,76,56,92.0,59,52.0,48,0.0,0
2022-08-19,63,83,0.0,64,0.0,63,0.0,65
2022-08-20,62,100,0.0,69,0.0,68,0.0,90
2022-08-21,91,54,0.0,75,0.0,86,0.0,60
2022-08-22,79,88,87.0,75,0.0,84,0.0,58
2022-08-23,65,66,100.0,50,0.0,69,0.0,69
2022-08-24,46,55,0.0,68,45.0,81,0.0,0
2022-08-25,50,79,0.0,56,0.0,61,0.0,88
2022-08-26,67,64,0.0,65,0.0,70,0.0,100
2022-08-27,68,61,0.0,47,0.0,80,0.0,76
2022-08-28,100,0,0.0,51,0.0,89,0.0,0
2022-08-29,97,83,0.0,51,0.0,95,0.0,76
2022-08-30,51,60,0.0,59,52.0,77,0.0,53
2022-08-31,87,52,0.0,57,0.0,61,0.0,54
2022-09-01,34,68,0.0,68,58.0,73,0.0,44
2022-09-02,59,78,0.0,65,0.0,78,0.0,54
2022-09-03,72,81,0.0,100,0.0,79,0.0,72
2022-09-04,39,50,0.0,67,97.0,71,0.0,65
2022-09-05,38,59,0.0,47,92.0,75,0.0,50
2022-09-06,64,65,0.0,64,0.0,85,0.0,55
2022-09-07,49,67,0.0,68,64.0,94,62.0,54
2022-09-08,58,70,0.0,60,64.0,89,0.0,46
2022-09-09,67,69,0.0,62,0.0,82,0.0,0
2022-09-10,81,77,0.0,73,0.0,100,0.0,91
2022-09-11,100,63,0.0,77,84.0,53,0.0,54
2022-09-12,82,100,0.0,98,0.0,100,0.0,0
2022-09-13,66,73,0.0,64,55.0,82,0.0,52
2022-09-14,77,81,0.0,64,54.0,82,0.0,0
2022-09-15,59,61,0.0,57,59.0,58,0.0,70
2022-09-16,70,44,0.0,49,0.0,75,0.0,100
2022-09-17,47,39,0.0,44,0.0,72,0.0,0
2022-09-18,71,40,100.0,45,0.0,91,0.0,63
2022-09-19,49,89,0.0,92,0.0,78,0.0,0
2022-09-20,56,94,0.0,79,77.0,63,100.0,60
2022-09-21,75,95,0.0,68,63.0,82,0.0,68
2022-09-22,61,61,0.0,65,0.0,96,0.0,64
2022-09-23,54,52,0.0,49,0.0,73,80.0,49
2022-09-24,63,75,0.0,71,0.0,83,0.0,68
2022-09-25,71,73,0.0,38,78.0,90,0.0,53
2022-09-26,45,57,0.0,49,100.0,93,0.0,73
2022-09-27,46,49,0.0,47,57.0,80,53.0,45
2022-09-28,63,87,0.0,51,61.0,82,0.0,52
2022-09-29,60,73,0.0,49,0.0,73,0.0,0
2022-09-30,45,81,0.0,58,0.0,73,0.0,54
2022-10-01,51,48,,100,72.0,45,0.0,54
2022-10-02,62,0,,48,0.0,50,0.0,81
2022-10-03,74,74,,78,0.0,62,0.0,44
2022-10-04,58,92,,65,74.0,58,0.0,55
2022-10-05,81,73,,80,0.0,60,0.0,48
2022-10-06,60,76,,75,65.0,79,90.0,88
2022-10-07,100,41,,72,0.0,57,100.0,61
2022-10-08,75,49,,79,0.0,67,0.0,52
2022-10-09,62,70,,75,0.0,67,0.0,0
2022-10-10,57,69,,99,0.0,89,0.0,100
2022-10-11,87,75,,69,0.0,81,85.0,63
2022-10-12,74,54,,58,0.0,81,0.0,42
2022-10-13,0,0,,78,0.0,60,0.0,0
2022-10-14,55,47,,80,0.0,83,0.0,65
2022-10-15,62,57,,80,100.0,61,0.0,46
2022-10-16,85,68,,77,0.0,79,0.0,0
2022-10-17,69,78,,78,91.0,73,0.0,62
2022-10-18,63,89,,50,87.0,76,0.0,54
2022-10-19,36,89,,41,72.0,63,0.0,48
2022-10-20,33,71,,70,0.0,70,0.0,77
2022-10-21,75,82,,53,66.0,61,0.0,77
2022-10-22,75,65,,55,0.0,78,0.0,60
2022-10-23,0,100,,82,0.0,90,0.0,54
2022-10-24,61,59,,71,60.0,87,0.0,0
2022-10-25,79,94,,59,59.0,83,0.0,43
2022-10-26,49,86,,54,73.0,89,0.0,66
2022-10-27,58,57,,81,0.0,100,0.0,51
2022-10-28,52,0,,48,64.0,80,0.0,48
2022-10-29,0,85,,50,0.0,88,0.0,92
2022-10-30,56,64,,73,95.0,70,0.0,78
2022-10-31,81,68,,90,60.0,86,0.0,49
2022-11-01,72,64,,64,0.0,85,60.0,62
2022-11-02,88,57,,79,0.0,68,0.0,68
2022-11-03,47,61,,74,0.0,76,56.0,49
2022-11-04,88,47,,98,0.0,75,0.0,77
2022-11-05,92,74,,50,0.0,90,0.0,79
2022-11-06,66,0,,81,0.0,100,69.0,79
2022-11-07,100,62,,62,0.0,92,0.0,81
2022-11-08,52,80,,72,0.0,69,0.0,63
2022-11-09,51,80,,97,36.0,70,0.0,75
2022-11-10,91,45,,76,40.0,76,0.0,50
2022-11-11,94,77,,66,37.0,84,0.0,94
2022-11-12,91,0,,47,0.0,67,0.0,54
2022-11-13,0,53,,75,0.0,82,0.0,0
2022-11-14,40,66,,97,0.0,75,84.0,70
2022-11-15,61,53,,74,0.0,77,0.0,72
2022-11-16,64,45,,76,0.0,72,0.0,68
2022-11-17,57,70,,59,63.0,79,0.0,57
2022-11-18,66,0,,100,0.0,75,100.0,70
2022-11-19,82,72,,99,0.0,65,0.0,100
2022-11-20,65,0,,49,0.0,86,0.0,0
2022-11-21,48,81,,78,0.0,76,54.0,55
2022-11-22,74,37,,72,0.0,79,0.0,57
2022-11-23,83,48,,70,48.0,77,0.0,50
2022-11-24,75,41,,95,0.0,72,69.0,86
2022-11-25,68,100,,61,96.0,84,0.0,74
2022-11-26,58,51,,52,51.0,81,0.0,100
2022-11-27,64,43,,80,100.0,88,0.0,73
2022-11-28,47,61,,82,35.0,68,0.0,60
2022-11-29,46,55,,85,60.0,81,64.0,88
2022-11-30,50,50,,86,0.0,87,0.0,81
2022-12-01,64,48,,58,0.0,83,0.0,98
2022-12-02,75,60,,62,0.0,61,0.0,55
2022-12-03,53,0,,56,0.0,68,0.0,75
2022-12-04,0,73,,39,0.0,96,0.0,53
2022-12-05,0,88,,47,74.0,88,0.0,58
2022-12-06,100,57,,56,0.0,94,0.0,32
2022-12-07,68,76,,60,0.0,85,0.0,58
2022-12-08,62,56,,77,60.0,95,64.0,45
2022-12-09,81,59,,72,69.0,75,0.0,41
2022-12-10,61,52,,47,0.0,78,0.0,63
2022-12-11,73,47,,36,0.0,86,0.0,38
2022-12-12,89,69,,97,61.0,73,62.0,45
2022-12-13,73,66,,64,70.0,87,0.0,61
2022-12-14,100,46,,54,0.0,79,47.0,71
2022-12-15,64,56,,34,0.0,92,0.0,68
2022-12-16,0,69,,75,73.0,90,0.0,60
2022-12-17,89,68,,79,0.0,84,0.0,73
2022-12-18,83,53,,47,0.0,100,0.0,61
2022-12-19,70,100,,86,0.0,100,0.0,49
2022-12-20,54,73,,63,66.0,89,68.0,51
2022-12-21,74,65,,48,75.0,81,0.0,57
2022-12-22,49,0,,67,0.0,89,0.0,62
2022-12-23,49,94,,46,0.0,89,57.0,92
2022-12-24,54,97,,87,98.0,88,0.0,100
2022-12-25,94,55,,58,0.0,86,0.0,72
2022-12-26,64,66,,67,62.0,94,66.0,43
2022-12-27,57,44,,58,0.0,96,0.0,42
2022-12-28,71,85,,78,100.0,97,100.0,46
2022-12-29,92,88,,0,0.0,77,0.0,39
2022-12-30,48,67,,100,0.0,76,0.0,64
2022-12-31,67,0,,67,0.0,94,0.0,45
2023-01-01,43,48,,63,95.0,80,,57
2023-01-02,73,68,,60,81.0,100,,33
2023-01-03,0,54,,66,74.0,89,,55
2023-01-04,53,64,,51,0.0,74,,63
2023-01-05,50,75,,70,0.0,90,,72
2023-01-06,83,41,,64,80.0,67,,73
2023-01-07,52,72,,49,0.0,78,,45
2023-01-08,58,78,,51,0.0,89,,74
2023-01-09,70,82,,69,73.0,60,,40
2023-01-10,99,49,,69,84.0,75,,52
2023-01-11,94,70,,67,0.0,68,,54
2023-01-12,61,58,,69,0.0,56,,41
2023-01-13,84,87,,68,68.0,52,,0
2023-01-14,71,67,,35,0.0,53,,46
2023-01-15,45,76,,45,77.0,56,,39
2023-01-16,62,77,,71,0.0,42,,68
2023-01-17,92,67,,66,68.0,54,,48
2023-01-18,64,60,,56,75.0,57,,69
2023-01-19,46,81,,76,66.0,51,,34
2023-01-20,70,45,,52,0.0,42,,53
2023-01-21,69,73,,51,0.0,56,,49
2023-01-22,100,100,,58,0.0,52,,64
2023-01-23,85,58,,100,100.0,54,,0
2023-01-24,50,51,,87,0.0,61,,100
2023-01-25,45,67,,73,64.0,60,,89
2023-01-26,49,49,,94,62.0,62,,60
2023-01-27,46,69,,56,0.0,64,,61
2023-01-28,82,71,,72,0.0,49,,72
2023-01-29,57,33,,70,74.0,66,,56
2023-01-30,57,79,,84,71.0,54,,62
2023-01-31,83,59,,83,86.0,53,,39
2023-02-01,89,33,,64,61.0,76,0.0,52
2023-02-02,70,51,,100,0.0,92,0.0,60
2023-02-03,57,25,,85,0.0,97,0.0,64
2023-02-04,54,29,,68,0.0,100,0.0,78
2023-02-05,0,35,,78,87.0,80,0.0,72
2023-02-06,71,40,,66,59.0,81,0.0,63
2023-02-07,86,33,,94,64.0,75,0.0,66
2023-02-08,68,31,,45,78.0,76,0.0,65
2023-02-09,78,18,,70,100.0,73,0.0,83
2023-02-10,56,38,,66,53.0,80,0.0,100
2023-02-11,59,44,,77,0.0,56,0.0,87
2023-02-12,66,27,,90,72.0,80,0.0,94
2023-02-13,57,38,,81,58.0,95,0.0,56
2023-02-14,69,21,,64,0.0,92,100.0,0
2023-02-15,64,34,,68,0.0,69,0.0,75
2023-02-16,50,34,,52,0.0,74,96.0,0
2023-02-17,70,29,,47,83.0,69,0.0,96
2023-02-18,0,42,,77,0.0,94,0.0,58
2023-02-19,75,31,,57,70.0,93,0.0,91
2023-02-20,81,43,,76,0.0,84,0.0,77
2023-02-21,59,35,,60,0.0,88,0.0,67
2023-02-22,63,100,,60,0.0,86,0.0,96
2023-02-23,100,54,,75,0.0,84,0.0,67
2023-02-24,78,49,,66,0.0,85,0.0,88
2023-02-25,84,42,,50,69.0,97,0.0,0
2023-02-26,73,25,,79,0.0,81,0.0,59
2023-02-27,92,48,,71,0.0,88,0.0,83
2023-02-28,0,42,,45,0.0,91,0.0,50
2023-03-01,61,36,,66,0.0,43,0.0,0
2023-03-02,69,89,,83,0.0,65,0.0,0
2023-03-03,62,79,,60,0.0,51,0.0,70
2023-03-04,61,82,,49,0.0,60,0.0,0
2023-03-05,66,41,,100,0.0,69,0.0,0
2023-03-06,79,83,,83,100.0,59,0.0,75
2023-03-07,83,87,,84,0.0,57,74.0,82
2023-03-08,71,86,,46,65.0,61,0.0,81
2023-03-09,98,63,,44,0.0,39,0.0,0
2023-03-10,75,45,,88,0.0,46,0.0,91
2023-03-11,53,61,,69,0.0,57,0.0,96
2023-03-12,63,71,,80,0.0,72,0.0,80
2023-03-13,75,74,,66,0.0,72,0.0,63
2023-03-14,69,66,,70,80.0,68,0.0,0
2023-03-15,45,68,,58,89.0,57,0.0,0
2023-03-16,93,100,,74,66.0,80,0.0,59
2023-03-17,66,63,,71,72.0,60,100.0,78
2023-03-18,65,62,,40,0.0,68,0.0,76
2023-03-19,63,43,,54,93.0,67,0.0,72
2023-03-20,94,82,,71,74.0,66,0.0,72
2023-03-21,100,62,,91,0.0,81,0.0,72
2023-03-22,81,67,,78,92.0,69,0.0,85
2023-03-23,80,76,,59,0.0,69,0.0,68
2023-03-24,87,70,,41,69.0,68,0.0,89
2023-03-25,72,57,,55,0.0,95,0.0,77
2023-03-26,90,49,,61,0.0,88,0.0,72
2023-03-27,85,79,,66,0.0,84,0.0,63
2023-03-28,53,64,,70,0.0,86,0.0,75
2023-03-29,86,46,,59,80.0,100,0.0,0
2023-03-30,79,44,,82,0.0,77,0.0,100
2023-03-31,71,76,,44,0.0,90,0.0,0
2023-04-01,68,57,0.0,0,0.0,79,0.0,65
2023-04-02,64,72,0.0,61,0.0,79,0.0,0
2023-04-03,87,58,0.0,78,0.0,80,0.0,65
2023-04-04,67,63,0.0,49,54.0,75,0.0,55
2023-04-05,56,69,0.0,89,0.0,81,0.0,77
2023-04-06,69,63,0.0,76,0.0,69,0.0,0
2023-04-07,92,58,0.0,68,0.0,61,0.0,83
2023-04-08,63,63,0.0,51,0.0,71,0.0,67
2023-04-09,54,71,0.0,72,0.0,87,0.0,72
2023-04-10,87,82,0.0,98,0.0,100,98.0,51
2023-04-11,79,39,0.0,50,0.0,84,0.0,70
2023-04-12,79,44,0.0,71,0.0,72,0.0,0
2023-04-13,62,44,0.0,67,41.0,76,0.0,0
2023-04-14,74,66,0.0,57,0.0,73,100.0,84
2023-04-15,56,35,0.0,52,0.0,89,0.0,85
2023-04-16,52,56,0.0,50,0.0,80,0.0,0
2023-04-17,57,99,0.0,59,67.0,88,73.0,67
2023-04-18,78,55,0.0,63,47.0,65,0.0,51
2023-04-19,95,43,0.0,86,100.0,74,0.0,71
2023-04-20,85,69,0.0,58,79.0,84,0.0,63
2023-04-21,100,100,0.0,72,51.0,70,0.0,63
2023-04-22,88,71,100.0,100,0.0,87,0.0,99
2023-04-23,74,69,0.0,81,0.0,85,0.0,76
2023-04-24,100,88,0.0,57,77.0,80,0.0,52
2023-04-25,74,61,0.0,57,0.0,59,0.0,100
2023-04-26,76,68,0.0,55,44.0,78,0.0,43
2023-04-27,69,49,0.0,57,67.0,69,0.0,49
2023-04-28,63,36,0.0,60,0.0,69,0.0,79
2023-04-29,43,70,0.0,63,0.0,71,0.0,50
2023-04-30,74,67,0.0,79,0.0,72,0.0,51
2023-05-01,100,87,0.0,74,51.0,87,,70
2023-05-02,78,93,0.0,71,0.0,93,,100
2023-05-03,63,81,0.0,80,49.0,93,,58
2023-05-04,43,66,0.0,49,0.0,87,,0
2023-05-05,80,68,0.0,66,63.0,87,,61
2023-05-06,62,71,0.0,70,0.0,82,,80
2023-05-07,54,100,0.0,84,0.0,92,,58
2023-05-08,75,98,0.0,95,62.0,95,,61
2023-05-09,56,68,0.0,97,52.0,88,,56
2023-05-10,87,61,0.0,84,100.0,100,,77
2023-05-11,79,98,0.0,95,70.0,94,,87
2023-05-12,78,77,0.0,83,0.0,92,,48
2023-05-13,56,79,0.0,100,52.0,73,,62
2023-05-14,47,93,0.0,81,64.0,86,,82
2023-05-15,99,89,0.0,70,83.0,98,,57
2023-05-16,50,86,0.0,71,41.0,82,,68
2023-05-17,57,70,0.0,87,0.0,60,,44
2023-05-18,46,67,0.0,88,38.0,75,,33
2023-05-19,61,50,0.0,51,0.0,59,,64
2023-05-20,49,77,0.0,64,0.0,61,,54
2023-05-21,41,56,0.0,83,0.0,67,,60
2023-05-22,52,72,0.0,54,47.0,72,,34
2023-05-23,61,58,0.0,83,0.0,49,,51
2023-05-24,41,60,0.0,55,0.0,62,,53
2023-05-25,71,58,0.0,65,47.0,60,,36
2023-05-26,44,57,0.0,63,0.0,52,,58
2023-05-27,42,63,100.0,71,40.0,61,,42
2023-05-28,45,59,0.0,56,60.0,69,,37
2023-05-29,51,70,0.0,43,60.0,53,,52
2023-05-30,31,70,0.0,85,73.0,60,,50
2023-05-31,65,85,0.0,79,59.0,58,,51
2023-06-01,85,64,,69,57.0,85,0.0,100
2023-06-02,60,50,,68,59.0,74,0.0,82
2023-06-03,100,67,,77,0.0,75,0.0,81
2023-06-04,54,100,,61,47.0,97,0.0,73
2023-06-05,59,90,,47,75.0,85,0.0,76
2023-06-06,62,76,,73,49.0,93,0.0,51
2023-06-07,46,87,,70,56.0,76,0.0,54
2023-06-08,70,94,,74,78.0,76,0.0,77
2023-06-09,41,95,,46,100.0,71,0.0,48
2023-06-10,42,53,,40,0.0,71,100.0,71
2023-06-11,68,79,,57,0.0,100,0.0,63
2023-06-12,84,65,,56,61.0,69,0.0,51
2023-06-13,63,100,,70,62.0,69,0.0,46
2023-06-14,73,72,,81,78.0,77,0.0,58
2023-06-15,66,57,,74,48.0,73,0.0,46
2023-06-16,43,65,,77,47.0,72,0.0,64
2023-06-17,48,90,,42,0.0,69,0.0,58
2023-06-18,63,65,,77,48.0,76,0.0,90
2023-06-19,73,86,,66,66.0,78,0.0,0
2023-06-20,63,49,,66,0.0,79,0.0,55
2023-06-21,62,80,,83,67.0,88,0.0,55
2023-06-22,44,78,,87,0.0,78,0.0,61
2023-06-23,55,85,,63,46.0,83,0.0,93
2023-06-24,51,92,,49,0.0,78,0.0,0
2023-06-25,54,99,,75,0.0,67,0.0,68
2023-06-26,46,71,,100,70.0,64,0.0,66
2023-06-27,51,76,,92,0.0,68,0.0,78
2023-06-28,60,76,,71,40.0,61,0.0,47
2023-06-29,45,65,,82,0.0,68,0.0,71
2023-06-30,61,77,,90,49.0,69,0.0,0
2023-07-01,78,62,0.0,59,54.0,93,0.0,43
2023-07-02,99,66,0.0,68,0.0,72,0.0,52
2023-07-03,84,69,0.0,61,80.0,75,0.0,57
2023-07-04,63,64,0.0,51,92.0,81,0.0,38
2023-07-05,74,56,0.0,33,50.0,62,0.0,60
2023-07-06,90,76,0.0,62,48.0,84,0.0,63
2023-07-07,95,63,0.0,51,80.0,67,0.0,44
2023-07-08,70,46,0.0,54,0.0,80,0.0,49
2023-07-09,96,54,0.0,60,0.0,90,0.0,83
2023-07-10,80,69,0.0,73,62.0,86,0.0,34
2023-07-11,47,58,0.0,64,63.0,80,0.0,35
2023-07-12,90,71,0.0,67,73.0,69,0.0,45
2023-07-13,66,61,0.0,65,55.0,73,0.0,32
2023-07-14,55,64,0.0,68,57.0,77,0.0,36
2023-07-15,55,40,0.0,69,0.0,74,0.0,59
2023-07-16,70,93,0.0,85,68.0,88,0.0,41
2023-07-17,91,71,0.0,74,0.0,97,0.0,54
2023-07-18,84,51,0.0,80,54.0,70,0.0,43
2023-07-19,65,64,0.0,76,56.0,87,0.0,29
2023-07-20,100,59,0.0,100,66.0,72,0.0,55
2023-07-21,81,100,0.0,54,0.0,76,0.0,50
2023-07-22,99,78,0.0,65,0.0,82,0.0,38
2023-07-23,81,95,0.0,76,0.0,92,0.0,39
2023-07-24,91,92,0.0,50,66.0,83,0.0,46
2023-07-25,95,76,100.0,63,71.0,85,76.0,52
2023-07-26,68,70,0.0,53,100.0,73,0.0,41
2023-07-27,78,48,0.0,46,0.0,79,0.0,61
2023-07-28,80,89,0.0,56,0.0,82,0.0,45
2023-07-29,76,51,0.0,31,0.0,82,0.0,75
2023-07-30,53,65,0.0,60,0.0,100,0.0,100
2023-07-31,86,78,0.0,60,75.0,91,100.0,62
2023-08-01,89,62,,54,0.0,89,98.0,35
2023-08-02,79,87,,64,0.0,97,100.0,58
2023-08-03,75,69,,61,59.0,77,0.0,0
2023-08-04,57,66,,83,67.0,100,0.0,56
2023-08-05,60,68,,82,0.0,83,0.0,51
2023-08-06,41,70,,70,52.0,79,0.0,43
2023-08-07,71,100,,90,45.0,86,0.0,45
2023-08-08,84,40,,80,57.0,62,0.0,31
2023-08-09,62,37,,73,49.0,65,0.0,46
2023-08-10,59,59,,59,0.0,64,0.0,30
2023-08-11,77,88,,88,0.0,93,0.0,0
2023-08-12,66,78,,85,0.0,81,0.0,59
2023-08-13,57,67,,61,51.0,83,0.0,38
2023-08-14,84,61,,54,43.0,65,0.0,41
2023-08-15,56,53,,65,0.0,90,0.0,49
2023-08-16,62,69,,73,0.0,72,0.0,60
2023-08-17,100,66,,87,0.0,84,0.0,0
2023-08-18,74,69,,60,0.0,66,0.0,75
2023-08-19,92,70,,87,57.0,72,0.0,39
2023-08-20,54,47,,87,50.0,79,0.0,52
2023-08-21,77,97,,90,100.0,85,0.0,67
2023-08-22,63,74,,68,68.0,82,0.0,66
2023-08-23,0,79,,89,76.0,73,0.0,54
2023-08-24,60,69,,54,41.0,81,0.0,83
2023-08-25,72,70,,67,62.0,67,0.0,81
2023-08-26,76,61,,89,50.0,76,0.0,80
2023-08-27,79,63,,58,0.0,78,0.0,69
2023-08-28,59,98,,61,48.0,90,0.0,62
2023-08-29,52,73,,68,0.0,62,0.0,92
2023-08-30,65,50,,100,47.0,78,0.0,100
2023-08-31,71,56,,86,41.0,99,0.0,89
2023-09-01,65,38,,72,0.0,55,0.0,52
2023-09-02,76,46,,57,0.0,57,0.0,68
2023-09-03,66,44,,82,0.0,61,0.0,44
2023-09-04,60,68,,78,70.0,54,0.0,54
2023-09-05,47,71,,83,0.0,78,0.0,51
2023-09-06,44,100,,65,85.0,59,87.0,62
2023-09-07,36,52,,86,60.0,63,0.0,61
2023-09-08,57,63,,65,0.0,58,0.0,44
2023-09-09,60,48,,82,100.0,73,0.0,0
2023-09-10,64,44,,78,0.0,67,0.0,55
2023-09-11,62,93,,76,0.0,63,0.0,39
2023-09-12,73,51,,88,83.0,71,0.0,47
2023-09-13,51,69,,66,60.0,62,0.0,57
2023-09-14,49,30,,69,0.0,64,0.0,72
2023-09-15,43,69,,55,0.0,63,0.0,100
2023-09-16,43,78,,64,0.0,70,0.0,58
2023-09-17,68,58,,75,0.0,71,0.0,55
2023-09-18,62,63,,100,0.0,78,0.0,64
2023-09-19,76,55,,79,0.0,73,100.0,55
2023-09-20,46,68,,63,78.0,58,0.0,31
2023-09-21,71,82,,57,0.0,84,0.0,45
2023-09-22,67,65,,52,0.0,74,0.0,45
2023-09-23,68,56,,61,70.0,77,0.0,52
2023-09-24,50,67,,88,65.0,90,0.0,0
2023-09-25,76,79,,84,0.0,100,0.0,39
2023-09-26,54,73,,73,0.0,90,0.0,42
2023-09-27,44,63,,50,78.0,66,0.0,51
2023-09-28,63,55,,75,0.0,74,0.0,50
2023-09-29,100,53,,56,0.0,81,0.0,36
2023-09-30,78,35,,74,0.0,78,0.0,37
2023-10-01,88,64,,54,0.0,69,0.0,69
2023-10-02,66,66,,97,0.0,82,0.0,100
2023-10-03,51,99,,97,0.0,75,0.0,76
2023-10-04,100,86,,99,97.0,71,49.0,71
2023-10-05,69,96,,68,0.0,76,0.0,56
2023-10-06,95,70,,86,0.0,74,0.0,57
2023-10-07,73,73,,74,0.0,68,0.0,85
2023-10-08,37,45,,68,100.0,75,0.0,89
2023-10-09,58,82,,69,0.0,73,0.0,83
2023-10-10,73,97,,63,0.0,83,0.0,81
2023-10-11,60,67,,58,0.0,60,73.0,35
2023-10-12,60,63,,71,0.0,59,100.0,81
2023-10-13,51,36,,67,0.0,66,57.0,49
2023-10-14,41,58,,45,68.0,71,0.0,68
2023-10-15,51,76,,68,0.0,65,0.0,71
2023-10-16,82,80,,64,0.0,67,0.0,69
2023-10-17,55,62,,51,0.0,80,53.0,43
2023-10-18,57,63,,70,78.0,71,57.0,52
2023-10-19,55,64,,58,64.0,81,0.0,46
2023-10-20,44,79,,44,0.0,65,0.0,55
2023-10-21,0,65,,46,96.0,75,0.0,69
2023-10-22,64,100,,69,0.0,73,0.0,64
2023-10-23,58,62,,74,0.0,75,0.0,73
2023-10-24,29,83,,39,56.0,94,0.0,37
2023-10-25,62,63,,65,60.0,78,72.0,65
2023-10-26,47,89,,75,0.0,84,0.0,78
2023-10-27,34,74,,47,0.0,79,0.0,51
2023-10-28,54,73,,78,0.0,72,0.0,92
2023-10-29,68,50,,90,0.0,100,0.0,96
2023-10-30,59,87,,100,62.0,89,49.0,73
2023-10-31,77,70,,86,66.0,79,82.0,68
2023-11-01,57,85,0.0,67,0.0,68,0.0,83
2023-11-02,91,95,0.0,76,0.0,52,66.0,69
2023-11-03,68,90,0.0,47,45.0,57,64.0,0
2023-11-04,53,59,0.0,58,0.0,49,0.0,63
2023-11-05,80,63,0.0,70,0.0,46,0.0,48
2023-11-06,75,75,0.0,87,41.0,71,61.0,92
2023-11-07,73,100,0.0,65,0.0,56,0.0,79
2023-11-08,100,78,0.0,95,0.0,59,99.0,74
2023-11-09,70,50,0.0,58,0.0,58,0.0,76
2023-11-10,65,64,0.0,62,0.0,59,0.0,76
2023-11-11,58,55,100.0,63,0.0,61,0.0,57
2023-11-12,83,41,0.0,38,0.0,68,0.0,78
2023-11-13,71,67,0.0,44,0.0,77,0.0,48
2023-11-14,54,67,0.0,68,70.0,85,0.0,82
2023-11-15,86,51,0.0,0,100.0,59,0.0,67
2023-11-16,81,58,0.0,31,0.0,54,0.0,61
2023-11-17,61,51,0.0,56,0.0,61,0.0,48
2023-11-18,83,59,0.0,65,0.0,59,0.0,53
2023-11-19,74,61,0.0,67,0.0,77,0.0,53
2023-11-20,87,77,0.0,91,0.0,72,0.0,0
2023-11-21,84,71,0.0,53,47.0,76,0.0,90
2023-11-22,82,92,0.0,88,0.0,73,69.0,78
2023-11-23,65,76,0.0,66,45.0,65,77.0,0
2023-11-24,62,60,0.0,62,0.0,79,0.0,95
2023-11-25,81,59,0.0,100,0.0,78,0.0,80
2023-11-26,65,66,0.0,71,0.0,89,84.0,75
2023-11-27,75,80,0.0,78,0.0,77,100.0,41
2023-11-28,62,57,0.0,68,0.0,100,0.0,72
2023-11-29,61,89,0.0,57,62.0,71,0.0,81
2023-11-30,88,58,0.0,82,0.0,82,0.0,100
2023-12-01,67,81,,50,70.0,74,84.0,59
2023-12-02,100,71,,66,0.0,100,0.0,98
2023-12-03,51,76,,56,0.0,73,0.0,76
2023-12-04,70,100,,61,82.0,82,100.0,98
2023-12-05,76,75,,77,59.0,77,71.0,57
2023-12-06,48,63,,62,0.0,66,58.0,60
2023-12-07,46,59,,39,90.0,66,54.0,44
2023-12-08,84,81,,46,0.0,75,64.0,91
2023-12-09,0,79,,38,0.0,71,0.0,49
2023-12-10,51,39,,45,61.0,80,0.0,64
2023-12-11,76,46,,57,0.0,75,95.0,64
2023-12-12,72,62,,64,60.0,66,70.0,45
2023-12-13,35,70,,76,56.0,69,64.0,0
2023-12-14,55,63,,56,0.0,51,0.0,66
2023-12-15,54,61,,46,0.0,48,0.0,76
2023-12-16,0,0,,41,0.0,58,0.0,64
2023-12-17,75,64,,61,0.0,61,0.0,100
2023-12-18,57,69,,55,62.0,64,0.0,75
2023-12-19,52,54,,61,66.0,64,0.0,62
2023-12-20,46,67,,42,100.0,57,0.0,76
2023-12-21,59,66,,62,0.0,61,72.0,86
2023-12-22,48,75,,63,64.0,61,0.0,89
2023-12-23,70,0,,73,0.0,55,0.0,67
2023-12-24,54,61,,75,71.0,61,0.0,58
2023-12-25,53,97,,84,75.0,68,0.0,72
2023-12-26,63,56,,100,81.0,68,61.0,79
2023-12-27,59,69,,87,0.0,52,0.0,58
2023-12-28,57,74,,94,0.0,54,0.0,56
2023-12-29,49,80,,90,100.0,64,0.0,47
2023-12-30,56,54,,76,0.0,55,0.0,99
2023-12-31,59,60,,91,0.0,60,0.0,57
2024-01-01,64,54,0.0,56,0.0,95,0.0,55
2024-01-02,69,86,0.0,91,48.0,100,0.0,44
2024-01-03,48,71,0.0,88,47.0,94,0.0,61
2024-01-04,78,77,0.0,81,100.0,85,0.0,71
2024-01-05,48,84,0.0,49,80.0,88,0.0,69
2024-01-06,47,53,0.0,65,63.0,87,0.0,72
2024-01-07,48,42,0.0,70,59.0,87,0.0,78
2024-01-08,77,79,0.0,50,68.0,93,0.0,82
2024-01-09,59,62,0.0,66,48.0,81,0.0,67
2024-01-10,62,40,0.0,68,45.0,81,0.0,90
2024-01-11,100,74,0.0,75,40.0,73,100.0,58
2024-01-12,47,80,0.0,69,0.0,80,0.0,93
2024-01-13,54,57,0.0,76,0.0,76,0.0,61
2024-01-14,54,76,0.0,66,51.0,89,0.0,100
2024-01-15,48,87,0.0,100,54.0,82,0.0,59
2024-01-16,61,76,0.0,92,56.0,80,0.0,62
2024-01-17,68,61,0.0,81,41.0,66,73.0,0
2024-01-18,59,71,0.0,49,38.0,68,0.0,48
2024-01-19,47,67,0.0,79,47.0,63,0.0,87
2024-01-20,63,43,0.0,72,0.0,67,0.0,52
2024-01-21,45,66,0.0,61,47.0,69,0.0,66
2024-01-22,46,100,0.0,56,35.0,70,72.0,80
2024-01-23,56,72,0.0,72,0.0,60,0.0,80
2024-01-24,56,78,0.0,59,0.0,65,0.0,93
2024-01-25,62,69,0.0,68,39.0,66,0.0,74
2024-01-26,49,58,0.0,68,0.0,60,0.0,79
2024-01-27,58,92,0.0,64,0.0,60,0.0,64
2024-01-28,58,92,0.0,60,0.0,63,0.0,83
2024-01-29,50,84,0.0,70,0.0,59,0.0,53
2024-01-30,56,60,100.0,52,0.0,65,0.0,73
2024-01-31,78,90,0.0,48,0.0,64,0.0,57
2024-02-01,63,43,,41,60.0,92,,29
2024-02-02,91,46,,33,0.0,76,,38
2024-02-03,66,0,,37,0.0,78,,0
2024-02-04,70,51,,57,0.0,100,,0
2024-02-05,74,74,,52,0.0,90,,0
2024-02-06,67,39,,48,56.0,88,,42
2024-02-07,48,50,,37,0.0,81,,49
2024-02-08,53,78,,58,97.0,60,,49
2024-02-09,51,65,,60,0.0,74,,100
2024-02-10,0,65,,40,0.0,74,,52
2024-02-11,70,39,,59,69.0,90,,62
2024-02-12,97,60,,70,100.0,83,,33
2024-02-13,97,60,,100,0.0,92,,37
2024-02-14,76,100,,65,83.0,73,,35
2024-02-15,76,84,,49,62.0,85,,29
2024-02-16,100,78,,55,0.0,70,,58
2024-02-17,66,56,,47,0.0,78,,55
2024-02-18,81,75,,32,0.0,79,,48
2024-02-19,56,82,,55,0.0,63,,31
2024-02-20,86,43,,50,0.0,70,,55
2024-02-21,87,53,,46,0.0,79,,40
2024-02-22,75,37,,41,73.0,72,,34
2024-02-23,0,45,,41,0.0,72,,43
2024-02-24,50,52,,39,0.0,76,,58
2024-02-25,79,71,,32,0.0,72,,54
2024-02-26,66,68,,42,67.0,57,,32
2024-02-27,52,52,,48,0.0,73,,43
2024-02-28,83,45,,43,0.0,68,,32
2024-02-29,57,48,,60,0.0,65,,38
2024-03-01,52,56,,64,0.0,81,,42
2024-03-02,57,76,,76,0.0,76,,68
2024-03-03,84,41,,64,0.0,83,,66
2024-03-04,73,100,,100,69.0,62,,0
2024-03-05,53,56,,84,0.0,62,,53
2024-03-06,81,53,,40,0.0,63,,85
2024-03-07,34,68,,83,54.0,56,,58
2024-03-08,60,88,,44,0.0,60,,42
2024-03-09,96,57,,69,0.0,76,,66
2024-03-10,100,54,,45,0.0,84,,57
2024-03-11,71,65,,64,69.0,82,,48
2024-03-12,66,59,,61,0.0,77,,65
2024-03-13,38,78,,50,0.0,71,,0
2024-03-14,66,85,,60,0.0,79,,48
2024-03-15,73,60,,53,0.0,74,,80
2024-03-16,70,53,,75,100.0,93,,0
2024-03-17,48,0,,61,63.0,84,,73
2024-03-18,73,70,,71,0.0,88,,65
2024-03-19,68,85,,50,57.0,93,,67
2024-03-20,55,78,,54,0.0,71,,65
2024-03-21,52,77,,41,0.0,88,,59
2024-03-22,54,60,,74,0.0,88,,55
2024-03-23,89,41,,59,0.0,98,,0
2024-03-24,69,52,,44,0.0,100,,72
2024-03-25,69,69,,61,0.0,94,,98
2024-03-26,66,59,,74,59.0,85,,45
2024-03-27,92,84,,51,59.0,73,,39
2024-03-28,81,85,,51,51.0,66,,71
2024-03-29,52,82,,52,61.0,80,,43
2024-03-30,74,81,,42,0.0,69,,100
2024-03-31,0,65,,64,0.0,92,,64
2024-04-01,65,78,,80,0.0,82,0.0,61
2024-04-02,59,54,,52,51.0,72,0.0,53
2024-04-03,36,50,,69,0.0,74,0.0,76
2024-04-04,53,75,,66,0.0,76,0.0,86
2024-04-05,58,68,,59,0.0,81,0.0,0
2024-04-06,56,0,,55,0.0,90,0.0,77
2024-04-07,52,39,,81,0.0,90,0.0,59
2024-04-08,55,58,,55,61.0,99,0.0,52
2024-04-09,76,59,,55,62.0,67,0.0,59
2024-04-10,43,0,,57,70.0,72,93.0,54
2024-04-11,83,76,,77,0.0,100,0.0,70
2024-04-12,67,91,,49,58.0,73,0.0,77
2024-04-13,64,72,,43,63.0,70,0.0,70
2024-04-14,80,76,,48,0.0,52,0.0,46
2024-04-15,76,64,,71,68.0,70,0.0,46
2024-04-16,100,98,,59,79.0,71,0.0,54
2024-04-17,57,60,,79,0.0,61,0.0,0
2024-04-18,85,73,,100,0.0,79,0.0,57
2024-04-19,78,79,,90,0.0,78,0.0,59
2024-04-20,80,42,,70,0.0,72,0.0,55
2024-04-21,68,38,,75,88.0,63,0.0,84
2024-04-22,67,81,,70,0.0,55,0.0,42
2024-04-23,67,74,,65,55.0,68,0.0,0
2024-04-24,65,48,,50,0.0,60,0.0,33
2024-04-25,79,51,,68,100.0,68,0.0,36
2024-04-26,54,92,,58,0.0,65,100.0,60
2024-04-27,74,67,,52,0.0,65,0.0,63
2024-04-28,36,72,,67,0.0,55,0.0,58
2024-04-29,70,86,,80,76.0,64,0.0,100
2024-04-30,58,100,,68,0.0,53,0.0,82
2024-05-01,91,76,0.0,52,0.0,86,0.0,100
2024-05-02,85,58,0.0,51,0.0,74,0.0,71
2024-05-03,71,68,0.0,66,0.0,83,0.0,78
2024-05-04,89,64,0.0,64,0.0,85,0.0,42
2024-05-05,58,0,0.0,39,91.0,67,0.0,53
2024-05-06,54,68,0.0,82,70.0,98,0.0,36
2024-05-07,71,87,0.0,72,0.0,82,0.0,48
2024-05-08,66,58,0.0,67,0.0,67,0.0,62
2024-05-09,57,79,0.0,67,60.0,100,0.0,73
2024-05-10,78,54,0.0,57,0.0,94,0.0,46
2024-05-11,75,45,0.0,53,0.0,95,0.0,55
2024-05-12,36,48,0.0,75,0.0,100,0.0,50
2024-05-13,53,73,0.0,61,0.0,100,0.0,39
2024-05-14,63,65,0.0,64,73.0,90,0.0,50
2024-05-15,52,72,0.0,64,0.0,95,0.0,62
2024-05-16,62,68,100.0,71,74.0,95,0.0,61
2024-05-17,48,84,0.0,74,0.0,92,0.0,67
2024-05-18,61,67,0.0,52,0.0,86,0.0,49
2024-05-19,73,52,0.0,63,0.0,77,0.0,47
2024-05-20,63,74,0.0,72,100.0,83,0.0,61
2024-05-21,70,58,0.0,73,80.0,65,0.0,36
2024-05-22,80,42,0.0,63,95.0,78,0.0,53
2024-05-23,53,46,0.0,52,77.0,81,0.0,55
2024-05-24,76,67,0.0,62,0.0,59,0.0,50
2024-05-25,66,63,0.0,55,0.0,76,0.0,46
2024-05-26,81,67,0.0,54,0.0,87,0.0,55
2024-05-27,80,63,0.0,67,0.0,77,0.0,51
2024-05-28,58,100,0.0,72,64.0,81,0.0,39
2024-05-29,49,90,0.0,79,0.0,84,100.0,60
2024-05-30,75,58,0.0,100,76.0,72,0.0,39
2024-05-31,100,95,0.0,62,73.0,82,0.0,48
